ptr,size,timestamp_alloc,timestamp_free,lifetime_ns,source,active
0x5dedc24d62a0,472,485194403530,485194735096,331566,malloc,0
0x5dedc24d62a0,472,485194742279,485194835046,92767,malloc,0
0x5dedc24d62a0,472,485194841193,485194922490,81297,malloc,0
0x5dedc24d6480,4096,485242438362,0,518651943,malloc,1
0x5dedc24d7490,52,485242454097,0,518638047,malloc,1
0x5dedc24d79f0,52,485244370596,0,516722955,malloc,1
0x5dedc24d7a30,38,485246110614,0,514984186,malloc,1
0x5dedc24d7f50,38,485246371881,0,514724151,malloc,1
0x5dedc24d7f80,37,485246957297,0,514139983,malloc,1
0x5dedc24d84a0,37,485247304918,0,513793599,malloc,1
0x5dedc24d84d0,32,485248409434,0,512690324,malloc,1
0x5dedc24d89f0,32,485248640418,0,512460583,malloc,1
0x5dedc24d8a20,36,485249162110,0,511940130,malloc,1
0x5dedc24d8f40,36,485249381956,0,511721516,malloc,1
0x5dedc24d8f70,72,485250189867,485323386152,73196285,malloc,0
0x5dedc24d8fc0,88,485250203212,0,510903155,malloc,1
0x5dedc24d9020,56,485250209440,0,510898208,malloc,1
0x5dedc24d9060,56,485250212151,0,510896721,malloc,1
0x5dedc24d90a0,120,485250214062,0,510896038,malloc,1
0x5dedc24da550,144,485255558741,0,505552617,malloc,1
0x5dedc24da5f0,40,485255561197,485255574011,12814,malloc,0
0x5dedc24dbcf0,2304,485255571960,0,505541916,malloc,1
0x5dedc24dc600,73728,485255832780,0,505282469,malloc,1
0x5dedc24da620,216,485255843571,0,505273099,malloc,1
0x5dedc24da700,21,485256837615,0,504280283,malloc,1
0x5dedc24da720,19,485256838512,0,504280647,malloc,1
0x5dedc24da740,8,485258411490,485258413521,2031,malloc,0
0x5dedc24da760,16,485258412189,485258884502,472313,malloc,0
0x5dedc24d62a0,472,485258416390,485258748621,332231,malloc,0
0x5dedc24d62a0,472,485258751568,485258882500,130932,malloc,0
0x5dedc24da760,8,485259196230,0,501929602,malloc,1
0x5dedc24da5f0,31,485259896128,485259897645,1517,malloc,0
0x5dedc24da5f0,31,485259898482,485259899151,669,malloc,0
0x5dedc24da5f0,31,485259899692,485259900563,871,malloc,0
0x5dedc24da5f0,36,485259901340,485259902087,747,malloc,0
0x5dedc24da5f0,32,485259902584,485259903137,553,malloc,0
0x5dedc24da5f0,31,485259903524,485259904045,521,malloc,0
0x5dedc24da5f0,31,485259904518,485259905101,583,malloc,0
0x5dedc24da5f0,31,485259905535,485259906157,622,malloc,0
0x5dedc24da5f0,31,485260257640,485260259264,1624,malloc,0
0x5dedc24da5f0,31,485260259925,485260260748,823,malloc,0
0x5dedc24da5f0,31,485260261111,485260261785,674,malloc,0
0x5dedc24da5f0,31,485260262794,485260263508,714,malloc,0
0x5dedc24da5f0,31,485260263847,485260264582,735,malloc,0
0x5dedc24da5f0,31,485260264907,485260265405,498,malloc,0
0x5dedc24da5f0,38,485260266488,485260267109,621,malloc,0
0x5dedc24da5f0,34,485260267506,485260268125,619,malloc,0
0x5dedc24da5f0,31,485260268498,485260268976,478,malloc,0
0x5dedc24da740,24,485263496368,0,497650671,malloc,1
0x5dedc24da780,20,485263498861,0,497649532,malloc,1
0x5dedc24da7a0,16,485263499255,0,497650352,malloc,1
0x5dedc24da7c0,72,485263898687,0,497252154,malloc,1
0x5dedc24da810,72,485263899774,0,497252307,malloc,1
0x5dedc24da860,72,485263900352,0,497252961,malloc,1
0x5dedc24da8b0,72,485263900795,0,497253743,malloc,1
0x5dedc24da900,72,485263901212,0,497254551,malloc,1
0x5dedc24da950,72,485263902747,0,497254237,malloc,1
0x5dedc24da9a0,72,485263903199,0,497255023,malloc,1
0x5dedc24da9f0,72,485263903622,0,497255839,malloc,1
0x5dedc24daa40,72,485263904136,0,497256566,malloc,1
0x5dedc24daa90,72,485263904455,0,497257473,malloc,1
0x5dedc24daae0,72,485263905295,0,497257874,malloc,1
0x5dedc24dab30,72,485263905707,0,497258692,malloc,1
0x5dedc24dab80,72,485263907872,0,497257742,malloc,1
0x5dedc24dabd0,72,485263908352,0,497258488,malloc,1
0x5dedc24dac20,72,485263908930,0,497259142,malloc,1
0x5dedc24dac70,72,485263909496,0,497259824,malloc,1
0x5dedc24ee610,72,485263910580,0,497259972,malloc,1
0x5dedc24ee660,72,485263911125,0,497260640,malloc,1
0x5dedc24ee6b0,72,485263911445,0,497261537,malloc,1
0x5dedc24ee700,72,485263911816,0,497262387,malloc,1
0x5dedc24ee750,72,485263912260,0,497263163,malloc,1
0x5dedc24ee7a0,72,485263912701,0,497264014,malloc,1
0x5dedc24ee7f0,72,485263913274,0,497264712,malloc,1
0x5dedc24ee840,72,485263913847,0,497265372,malloc,1
0x5dedc24ee890,72,485263914288,0,497468891,malloc,1
0x5dedc24ee8e0,72,485263914822,0,497471328,malloc,1
0x5dedc24ee930,72,485263915275,0,497472316,malloc,1
0x5dedc24ee980,72,485263919055,0,497469796,malloc,1
0x5dedc24ee9d0,72,485263919488,0,497470624,malloc,1
0x5dedc24eea20,72,485263919916,0,497471469,malloc,1
0x5dedc24eea70,72,485263920337,0,497472303,malloc,1
0x5dedc24eeac0,72,485263920851,0,497473086,malloc,1
0x5dedc24eeb10,72,485263923699,0,497471490,malloc,1
0x5dedc24eeb60,72,485263924202,0,497472237,malloc,1
0x5dedc24eebb0,72,485263924732,0,497472941,malloc,1
0x5dedc24eec00,72,485263925148,0,497473771,malloc,1
0x5dedc24eec50,72,485263925746,0,497474461,malloc,1
0x5dedc24eeca0,72,485263926222,0,497475228,malloc,1
0x5dedc24eecf0,72,485263926607,0,497476092,malloc,1
0x5dedc24eed40,72,485263927068,0,497476880,malloc,1
0x5dedc24eed90,72,485263927583,0,497477603,malloc,1
0x5dedc24eede0,72,485263928074,0,497478344,malloc,1
0x5dedc24eee30,72,485263928587,0,497479064,malloc,1
0x5dedc24eee80,72,485263928972,0,497479927,malloc,1
0x5dedc24eeed0,72,485263929670,0,497480525,malloc,1
0x5dedc24dacc0,4,485264776232,485264781374,5142,malloc,0
0x5dedc24dace0,4,485264776836,485264780726,3890,malloc,0
0x5dedc24eef20,72,485264778027,0,496636054,malloc,1
0x5dedc24eef70,4,485264778384,0,496636918,malloc,1
0x5dedc24dacc0,2,485264782482,0,496634107,malloc,1
0x5dedc24eef90,50,485264783113,0,496634845,malloc,1
0x5dedc24dace0,4,485264795397,485264813692,18295,malloc,0
0x5dedc24eefd0,4,485264795827,485264813160,17333,malloc,0
0x5dedc24eeff0,72,485264804310,0,496617508,malloc,1
0x5dedc24ef040,4,485264804782,0,496618255,malloc,1
0x5dedc24dace0,4,485264816997,485264819122,2125,malloc,0
0x5dedc24eefd0,4,485264817240,485264818611,1371,malloc,0
0x5dedc24ef480,72,485264817678,0,496609052,malloc,1
0x5dedc24ef4d0,4,485264818018,0,496609932,malloc,1
0x5dedc24da5f0,38,485264819955,0,496609253,malloc,1
0x5dedc24dace0,10,485264820684,0,496609770,malloc,1
0x5dedc24ef4f0,36,485264821267,0,496610460,malloc,1
0x5dedc24eefd0,4,485264821928,485264834625,12697,malloc,0
0x5dedc24ef520,4,485264822264,485264834092,11828,malloc,0
0x5dedc24ef540,72,485264822654,0,496612819,malloc,1
0x5dedc24ef590,4,485264833378,0,496603316,malloc,1
0x5dedc24eefd0,4,485264835683,485264837475,1792,malloc,0
0x5dedc24ef520,4,485264835910,485264836976,1066,malloc,0
0x5dedc24ef5b0,72,485264836267,0,496604048,malloc,1
0x5dedc24ef600,4,485264836514,0,496605000,malloc,1
0x5dedc24eefd0,4,485265393867,485265397729,3862,malloc,0
0x5dedc24ef520,4,485265394238,485265397183,2945,malloc,0
0x5dedc24ef620,72,485265395360,0,496049836,malloc,1
0x5dedc24ef670,4,485265395621,0,496050775,malloc,1
0x5dedc24eefd0,4,485265398558,485265399914,1356,malloc,0
0x5dedc24ef520,4,485265398725,485265399488,763,malloc,0
0x5dedc24ef690,72,485265398975,0,496051208,malloc,1
0x5dedc24ef6e0,4,485265399174,0,496052209,malloc,1
0x5dedc24eefd0,4,485265400843,485265402144,1301,malloc,0
0x5dedc24ef520,4,485265401013,485265401813,800,malloc,0
0x5dedc24ef700,72,485265401255,0,496053825,malloc,1
0x5dedc24ef750,4,485265401463,0,496054914,malloc,1
0x5dedc24eefd0,4,485266812986,485266818682,5696,malloc,0
0x5dedc24ef520,4,485266813424,485266817997,4573,malloc,0
0x5dedc24ef770,72,485266814855,0,494645201,malloc,1
0x5dedc24ef7c0,4,485266815173,0,494646100,malloc,1
0x5dedc24ef7e0,128,485266820150,0,494642390,malloc,1
0x5dedc24eefd0,2,485267400316,0,494063575,malloc,1
0x5dedc24ef520,18,485267401634,0,494063562,malloc,1
0x5dedc24efc90,37,485267449068,0,494017387,malloc,1
0x5dedc24efcc0,37,485267449421,0,494018278,malloc,1
0x5dedc24efcf0,37,485267449675,0,494019269,malloc,1
0x5dedc24efd20,37,485267449998,0,494020187,malloc,1
0x5dedc24efd50,37,485267450363,0,494021063,malloc,1
0x5dedc24efd80,37,485267455334,0,494017341,malloc,1
0x5dedc24efdb0,37,485267455657,0,494018263,malloc,1
0x5dedc24efde0,24,485267456380,0,494018785,malloc,1
0x5dedc24efe00,8,485267456838,0,494019653,malloc,1
0x5dedc24efe20,8,485267457351,0,494020454,malloc,1
0x5dedc24efe40,8,485267457740,0,494021403,malloc,1
0x5dedc24efe60,3831,485267539116,485267555715,16599,malloc,0
0x5dedc24f0d60,40,485267542608,485267555130,12522,malloc,0
0x5dedc24f0d90,3831,485267548752,0,494167376,malloc,1
0x5dedc24f1c90,40,485267549579,485267554325,4746,malloc,0
0x5dedc24f1cc0,72,485267549926,0,494168882,malloc,1
0x5dedc24f1d10,40,485267550197,0,494169817,malloc,1
0x5dedc24f1d40,104,485267552395,485267966305,413910,malloc,0
0x5dedc24efe60,3287,485267558495,485267572210,13715,malloc,0
0x5dedc24f0b40,50,485267561954,485267571630,9676,malloc,0
0x5dedc24f1db0,3287,485267569016,0,494156174,malloc,1
0x5dedc24f0b80,50,485267569754,485267571123,1369,malloc,0
0x5dedc24f0bc0,72,485267570098,0,494157668,malloc,1
0x5dedc24f0c10,50,485267570359,0,494158620,malloc,1
0x5dedc24efe60,1187,485267574369,485267586210,11841,malloc,0
0x5dedc24f0d60,35,485267575435,485267585661,10226,malloc,0
0x5dedc24f0310,1187,485267578045,0,494154756,malloc,1
0x5dedc24f1c90,35,485267578354,485267585091,6737,malloc,0
0x5dedc24f0c50,72,485267583390,0,494151955,malloc,1
0x5dedc24f0ca0,35,485267583682,0,494152913,malloc,1
0x5dedc24f2a90,1199,485267587839,485267595700,7861,malloc,0
0x5dedc24f0b40,45,485267588384,485267595094,6710,malloc,0
0x5dedc24f2f50,1199,485267592304,0,494148095,malloc,1
0x5dedc24f0b80,45,485267592651,485267594414,1763,malloc,0
0x5dedc24f0cd0,72,485267593028,0,494149932,malloc,1
0x5dedc24f0d20,45,485267593473,0,494150718,malloc,1
0x5dedc24f3410,2572,485267597207,485267606632,9425,malloc,0
0x5dedc24f0d60,31,485267598123,485267605915,7792,malloc,0
0x5dedc24f3e30,2572,485267602292,0,494145660,malloc,1
0x5dedc24f1c90,30,485267602886,485267605269,2383,malloc,0
0x5dedc24f07c0,72,485267603809,0,494146572,malloc,1
0x5dedc24f0810,30,485267604128,0,494147517,malloc,1
0x5dedc24f3410,2277,485267607523,485267616064,8541,malloc,0
0x5dedc24f0d60,40,485267608334,485267615414,7080,malloc,0
0x5dedc24f4850,2277,485267612507,0,494142833,malloc,1
0x5dedc24f1c90,40,485267613008,485267614716,1708,malloc,0
0x5dedc24f3d00,72,485267613390,0,494144415,malloc,1
0x5dedc24f3d50,40,485267613630,0,494145409,malloc,1
0x5dedc24f5140,6530,485267621358,485267802728,181370,malloc,0
0x5dedc24f0b40,41,485267622570,485267802192,179622,malloc,0
0x5dedc24f6ad0,6530,485267792604,0,493970365,malloc,1
0x5dedc24f0b80,41,485267798111,485267801212,3101,malloc,0
0x5dedc24f3d80,72,485267798728,0,493966674,malloc,1
0x5dedc24f3dd0,41,485267799195,0,493967469,malloc,1
0x5dedc24f8460,6550,485267808467,485267820380,11913,malloc,0
0x5dedc24f0b40,51,485267809590,485267819805,10215,malloc,0
0x5dedc24f9e00,6550,485267813335,0,493957115,malloc,1
0x5dedc24f0b80,51,485267817125,485267819128,2003,malloc,0
0x5dedc24f0840,72,485267817686,0,493955195,malloc,1
0x5dedc24f0890,51,485267817997,0,493956115,malloc,1
0x5dedc24f5140,6468,485267822220,485267831586,9366,malloc,0
0x5dedc24f0b40,41,485267823178,485267830970,7792,malloc,0
0x5dedc24f8460,6468,485267823775,0,493953985,malloc,1
0x5dedc24f0b80,41,485267824428,485267830238,5810,malloc,0
0x5dedc24f9db0,72,485267824801,0,493955376,malloc,1
0x5dedc24f6a90,41,485267825165,0,493956247,malloc,1
0x5dedc24fb7a0,6484,485267930844,485267945575,14731,malloc,0
0x5dedc24f0b40,51,485267936503,485267945011,8508,malloc,0
0x5dedc24fd100,6484,485267940377,0,493844666,malloc,1
0x5dedc24f0b80,51,485267941367,485267944380,3013,malloc,0
0x5dedc24f08d0,72,485267941906,0,493845521,malloc,1
0x5dedc24f0920,51,485267942181,0,493846465,malloc,1
0x5dedc24f0960,360,485267946624,485267950992,4368,malloc,0
0x5dedc24f0d60,40,485267947144,485267950371,3227,malloc,0
0x5dedc24efe60,360,485267948067,0,493844151,malloc,1
0x5dedc24f1c90,40,485267948302,485267949764,1462,malloc,0
0x5dedc24effd0,72,485267948531,0,493846124,malloc,1
0x5dedc24f0020,40,485267948744,0,493847161,malloc,1
0x5dedc24d62a0,462,485267951492,485267955481,3989,malloc,0
0x5dedc24f0d60,40,485267951881,485267954702,2821,malloc,0
0x5dedc24f0050,462,485267952266,0,493847281,malloc,1
0x5dedc24f1c90,40,485267952503,485267954016,1513,malloc,0
0x5dedc24f0230,72,485267952742,0,493849191,malloc,1
0x5dedc24f0280,40,485267952980,0,493850248,malloc,1
0x5dedc24f2a90,522,485267956202,485267960516,4314,malloc,0
0x5dedc24f0d60,40,485267956710,485267959828,3118,malloc,0
0x5dedc24f2cb0,522,485267957055,0,494041008,malloc,1
0x5dedc24f1c90,40,485267957318,485267959133,1815,malloc,0
0x5dedc24f2ed0,72,485267957579,0,494058087,malloc,1
0x5dedc24f2f20,40,485267958026,0,494060182,malloc,1
0x5dedc24f3410,228,485267961383,485267968484,7101,malloc,0
0x5dedc24f0d60,31,485267961974,485267967737,5763,malloc,0
0x5dedc24f3500,228,485267962447,0,494062456,malloc,1
0x5dedc24f1c90,31,485267962720,485267967055,4335,malloc,0
0x5dedc24f35f0,72,485267963023,0,494066184,malloc,1
0x5dedc24f3640,31,485267963253,0,494067867,malloc,1
0x5dedc24f3670,232,485267964849,485269616848,1651999,malloc,0
0x5dedc24f3760,297,485267968966,485267973169,4203,malloc,0
0x5dedc24f0d60,31,485267969439,485267972547,3108,malloc,0
0x5dedc24f38a0,297,485267969905,0,494067201,malloc,1
0x5dedc24f1c90,31,485267970177,485267971954,1777,malloc,0
0x5dedc24f39e0,72,485267970508,0,494069004,malloc,1
0x5dedc24f3a30,31,485267970737,0,494070068,malloc,1
0x5dedc24f3a60,374,485267973724,485267978140,4416,malloc,0
0x5dedc24f0d60,31,485267974133,485267977506,3373,malloc,0
0x5dedc24f5140,374,485267974860,0,494069483,malloc,1
0x5dedc24f1c90,31,485267975144,485267976805,1661,malloc,0
0x5dedc24f52c0,72,485267975453,0,494071323,malloc,1
0x5dedc24f5310,31,485267975727,0,494072309,malloc,1
0x5dedc24f5340,184,485267978557,485267987991,9434,malloc,0
0x5dedc24f0d60,34,485267979010,485267987329,8319,malloc,0
0x5dedc24f5400,184,485267979398,0,494072274,malloc,1
0x5dedc24f1c90,34,485267979706,485267986599,6893,malloc,0
0x5dedc24f54c0,72,485267979954,0,494074245,malloc,1
0x5dedc24f5510,34,485267985262,0,494070199,malloc,1
0x5dedc24f5540,4619,485267989318,485268027538,38220,malloc,0
0x5dedc24f0d60,31,485267990212,485268026779,36567,malloc,0
0x5dedc24fb7a0,4619,485267990893,485267993535,2642,malloc,0
0x5dedc24f1c90,31,485267991421,485268025376,33955,malloc,0
0x5dedc24f02b0,72,485267991970,485267995332,3362,malloc,0
0x5dedc24f0ad0,31,485267992414,485267994510,2096,malloc,0
0x5dedc24f5540,2752,485268030639,485268038141,7502,malloc,0
0x5dedc24f0b40,50,485268032275,485268037420,5145,malloc,0
0x5dedc24fb7a0,2752,485268033129,0,494033179,malloc,1
0x5dedc24f0b80,50,485268033594,485268036546,2952,malloc,0
0x5dedc24f3be0,72,485268034285,0,494034470,malloc,1
0x5dedc24f0b00,50,485268034653,0,494035370,malloc,1
0x5dedc24fea60,14348,485268046756,485268080443,33687,malloc,0
0x5dedc24f3c30,65,485268061427,485268079768,18341,malloc,0
0x5dedc2502280,14348,485268065653,0,494008122,malloc,1
0x5dedc24f3c80,65,485268075526,485268078966,3440,malloc,0
0x5dedc24fc270,72,485268076691,0,493999668,malloc,1
0x5dedc24fc2c0,65,485268077000,0,494000623,malloc,1
0x5dedc2505aa0,15380,485268087082,485268122031,34949,malloc,0
0x5dedc24f3c30,64,485268100963,485268121367,20404,malloc,0
0x5dedc25096c0,15380,485268104852,0,493976464,malloc,1
0x5dedc24f3c80,64,485268117923,485268120627,2704,malloc,0
0x5dedc24fc310,72,485268118522,0,493965274,malloc,1
0x5dedc24fc360,64,485268118837,0,493966286,malloc,1
0x5dedc250d2e0,29088,485268126900,0,493959477,malloc,1
0x5dedc24f3c30,67,485268238453,485268242570,4117,malloc,0
0x5dedc24f3c80,72,485268239248,0,493849571,malloc,1
0x5dedc24fc3b0,67,485268239953,0,493850128,malloc,1
0x5dedc24fea60,12952,485268243645,0,493847734,malloc,1
0x5dedc24f3c30,62,485268245984,485268247765,1781,malloc,0
0x5dedc2501d00,72,485268246558,0,493847352,malloc,1
0x5dedc2501d50,62,485268246792,0,493848404,malloc,1
0x5dedc2514490,21640,485268849951,0,493246561,malloc,1
0x5dedc24f3c30,57,485268911513,485268915086,3573,malloc,0
0x5dedc2501da0,72,485268912116,0,493186944,malloc,1
0x5dedc2501df0,57,485268912360,0,493187965,malloc,1
0x5dedc2519920,44816,485268922410,0,493179226,malloc,1
0x5dedc24f3c30,68,485268964406,485268965993,1587,malloc,0
0x5dedc2501e40,72,485268964840,0,493139345,malloc,1
0x5dedc2501e90,68,485268965038,0,493140356,malloc,1
0x5dedc2524840,43600,485268969626,0,493137021,malloc,1
0x5dedc24f3c30,68,485269022252,485269024575,2323,malloc,0
0x5dedc2501ee0,72,485269022922,0,493086378,malloc,1
0x5dedc2501f30,68,485269023202,0,493087315,malloc,1
0x5dedc252f2a0,40736,485269086952,0,493214986,malloc,1
0x5dedc24f3c30,67,485269126777,485269128951,2174,malloc,0
0x5dedc2501f80,72,485269127113,0,493177978,malloc,1
0x5dedc2501fd0,67,485269127378,0,493178958,malloc,1
0x5dedc25391d0,16968,485269280634,0,493026969,malloc,1
0x5dedc24f3c30,62,485269299568,485269302475,2907,malloc,0
0x5dedc2502020,72,485269300144,0,493010047,malloc,1
0x5dedc2502070,62,485269300530,0,493010850,malloc,1
0x5dedc253d420,30504,485269310098,0,493002578,malloc,1
0x5dedc24f3c30,57,485269332105,485269333556,1451,malloc,0
0x5dedc25020c0,72,485269332491,0,492982720,malloc,1
0x5dedc2502110,57,485269332677,0,492983778,malloc,1
0x5dedc2544b50,51440,485269336598,0,492981135,malloc,1
0x5dedc24f3c30,68,485269379091,485269380334,1243,malloc,0
0x5dedc2502160,72,485269379399,0,492940895,malloc,1
0x5dedc25021b0,68,485269379573,0,492941915,malloc,1
0x5dedc2551450,50416,485269563860,0,492758910,malloc,1
0x5dedc24f3c30,68,485269610567,485269617512,6945,malloc,0
0x5dedc2502200,72,485269610986,0,492714339,malloc,1
0x5dedc24fc400,68,485269612175,0,492714339,malloc,1
0x5dedc24d62a0,472,485269614035,485273308657,3694622,malloc,0
0x5dedc255d950,40736,485269729492,0,492599714,malloc,1
0x5dedc24f3c30,67,485269823068,485269829312,6244,malloc,0
0x5dedc24fc450,72,485269823849,0,492507874,malloc,1
0x5dedc24fc4a0,67,485269827345,0,492505625,malloc,1
0x5dedc2567880,16968,485269832758,0,492501518,malloc,1
0x5dedc24f3c30,62,485269844571,485269846126,1555,malloc,0
0x5dedc24fc4f0,72,485269844881,0,492491943,malloc,1
0x5dedc24fc540,62,485269845117,0,492492958,malloc,1
0x5dedc256bad0,30504,485269925454,0,492413858,malloc,1
0x5dedc24f3c30,57,485269987699,485269990123,2424,malloc,0
0x5dedc24fc590,72,485269988275,0,492353607,malloc,1
0x5dedc24fc5e0,57,485269988546,0,492354583,malloc,1
0x5dedc2573200,51440,485269993283,0,492351155,malloc,1
0x5dedc24f3c30,68,485270052714,485270055517,2803,malloc,0
0x5dedc24fc630,72,485270053472,0,492293528,malloc,1
0x5dedc24fc680,68,485270053986,0,492294264,malloc,1
0x5dedc257fb00,50416,485270223707,0,492125881,malloc,1
0x5dedc24f3c30,68,485270274671,485270280324,5653,malloc,0
0x5dedc24fc6d0,72,485270275372,0,492077020,malloc,1
0x5dedc24fc720,68,485270278541,0,492075066,malloc,1
0x5dedc258c000,32288,485270287824,0,492067027,malloc,1
0x5dedc24f3c30,67,485270312385,485270313965,1580,malloc,0
0x5dedc24fc770,72,485270312697,0,492044710,malloc,1
0x5dedc24fc7c0,67,485270312879,0,492045737,malloc,1
0x5dedc2505aa0,15320,485270314722,0,492045148,malloc,1
0x5dedc24f3c30,62,485270317305,485270318903,1598,malloc,0
0x5dedc24fc810,72,485270317674,0,492044751,malloc,1
0x5dedc24fc860,62,485270317843,0,492045789,malloc,1
0x5dedc2593e30,23752,485270321985,0,492042901,malloc,1
0x5dedc24f3c30,57,485270339736,485270341093,1357,malloc,0
0x5dedc24fc8b0,72,485270340013,0,492027451,malloc,1
0x5dedc24fc900,57,485270340184,0,492028529,malloc,1
0x5dedc2599b00,45072,485270392248,0,491977703,malloc,1
0x5dedc24f3c30,68,485270426612,485270428582,1970,malloc,0
0x5dedc24fc950,72,485270426973,0,491945551,malloc,1
0x5dedc24fc9a0,68,485270427213,0,491946542,malloc,1
0x5dedc25a4b20,44496,485270598819,0,491776198,malloc,1
0x5dedc24f3c30,68,485270636152,485270640547,4395,malloc,0
0x5dedc24fc9f0,72,485270637086,0,491740496,malloc,1
0x5dedc24fca40,68,485270637473,0,491741422,malloc,1
0x5dedc25af900,40736,485270651735,0,491728408,malloc,1
0x5dedc24f3c30,67,485270942949,485270946703,3754,malloc,0
0x5dedc24fca90,72,485270944119,0,491438586,malloc,1
0x5dedc24fcae0,67,485270944449,0,491439458,malloc,1
0x5dedc25b9830,16968,485270950215,0,491434942,malloc,1
0x5dedc24f3c30,62,485270961604,485270963167,1563,malloc,0
0x5dedc24fcb30,72,485270961955,0,491425762,malloc,1
0x5dedc24fcb80,62,485270962129,0,491426786,malloc,1
0x5dedc25bda80,30504,485270969511,0,491420652,malloc,1
0x5dedc24f3c30,57,485271019465,485271022858,3393,malloc,0
0x5dedc24fcbd0,72,485271020175,0,491372574,malloc,1
0x5dedc24fcc20,57,485271020431,0,491373522,malloc,1
0x5dedc25c51b0,51440,485271190905,0,491204302,malloc,1
0x5dedc24f3c30,68,485271231109,485271233788,2679,malloc,0
0x5dedc24fcc70,72,485271231742,0,491351868,malloc,1
0x5dedc24fccc0,68,485271232056,0,491354021,malloc,1
0x5dedc25d1ab0,50416,485271237067,0,491351116,malloc,1
0x5dedc24f3c30,68,485271284268,485271285888,1620,malloc,0
0x5dedc24fcd10,72,485271284638,0,491306130,malloc,1
0x5dedc24fcd60,68,485271284833,0,491307161,malloc,1
0x5dedc25ddfb0,32288,485271294036,0,491299231,malloc,1
0x5dedc24f3c30,67,485271323310,485271325523,2213,malloc,0
0x5dedc24fcdb0,72,485271323728,0,491272117,malloc,1
0x5dedc24fce00,67,485271324001,0,491273055,malloc,1
0x5dedc25e5de0,15320,485271330015,0,491268283,malloc,1
0x5dedc24f3c30,62,485271344852,485271347475,2623,malloc,0
0x5dedc24fce50,72,485271345342,0,491255564,malloc,1
0x5dedc24fcea0,62,485271345660,0,491256452,malloc,1
0x5dedc25e99c0,23752,485271355322,0,491248037,malloc,1
0x5dedc24f3c30,57,485271373914,485271378680,4766,malloc,0
0x5dedc24fcef0,72,485271374258,0,491231642,malloc,1
0x5dedc24fcf40,57,485271377420,0,491229675,malloc,1
0x5dedc25ef690,45072,485271816492,0,490791901,malloc,1
0x5dedc24f3c30,68,485271882729,485271887080,4351,malloc,0
0x5dedc24fcf90,72,485271883389,0,490727558,malloc,1
0x5dedc24fcfe0,68,485271883778,0,490728367,malloc,1
0x5dedc25fa6b0,44496,485271900431,0,490713023,malloc,1
0x5dedc24f3c30,68,485272047938,485272051718,3780,malloc,0
0x5dedc24fd030,72,485272048631,0,490567366,malloc,1
0x5dedc24fd080,68,485272049083,0,490568116,malloc,1
0x5dedc2605490,45808,485272153649,0,490464802,malloc,1
0x5dedc24f3c30,68,485272247539,485272252977,5438,malloc,0
0x5dedc24f5540,72,485272249743,0,490371250,malloc,1
0x5dedc24f5590,68,485272250255,0,490371937,malloc,1
0x5dedc2610790,18904,485272258324,0,490365095,malloc,1
0x5dedc24f3c30,63,485272278421,485272281501,3080,malloc,0
0x5dedc24f55e0,72,485272279159,0,490346871,malloc,1
0x5dedc24f5630,63,485272279462,0,490347768,malloc,1
0x5dedc2615170,33616,485272441858,0,490186617,malloc,1
0x5dedc24f3c30,58,485272478322,485272481900,3578,malloc,0
0x5dedc24f5680,72,485272479277,0,490151733,malloc,1
0x5dedc24f56d0,58,485272479618,0,490152585,malloc,1
0x5dedc261d4d0,53120,485272529780,0,490103669,malloc,1
0x5dedc24f3c30,69,485272586982,485272591270,4288,malloc,0
0x5dedc24f5720,72,485272588206,0,490047763,malloc,1
0x5dedc24f5770,69,485272588538,0,490048625,malloc,1
0x5dedc262a460,52552,485272598575,0,490039881,malloc,1
0x5dedc24f3c30,69,485272642071,485272645084,3013,malloc,0
0x5dedc24f57c0,72,485272642558,0,489998415,malloc,1
0x5dedc24f5810,69,485272642888,0,489999264,malloc,1
0x5dedc26371b0,32736,485272754214,0,489889147,malloc,1
0x5dedc24f3c30,68,485272793549,485272797934,4385,malloc,0
0x5dedc24f5860,72,485272794525,0,489851347,malloc,1
0x5dedc24f58b0,68,485272794977,0,489852127,malloc,1
0x5dedc263f1a0,14680,485272970033,0,489678347,malloc,1
0x5dedc24f3c30,63,485272978896,485272981892,2996,malloc,0
0x5dedc24f5900,72,485272979295,0,489671605,malloc,1
0x5dedc24f5950,63,485272979614,0,489672461,malloc,1
0x5dedc2642b00,24008,485272985294,0,489667999,malloc,1
0x5dedc24f3c30,58,485273085888,485273089027,3139,malloc,0
0x5dedc24f59a0,72,485273086549,0,489569311,malloc,1
0x5dedc24f59f0,58,485273086821,0,489570219,malloc,1
0x5dedc26488d0,44816,485273181807,0,489476472,malloc,1
0x5dedc24f3c30,69,485273224959,485273234160,9201,malloc,0
0x5dedc24f5a40,72,485273225640,0,489435176,malloc,1
0x5dedc24f5a90,69,485273225892,0,489436112,malloc,1
0x5dedc26537f0,44432,485273237640,0,489425589,malloc,1
0x5dedc24f3c30,69,485273298915,485273310050,11135,malloc,0
0x5dedc24f5ae0,72,485273299676,0,489366098,malloc,1
0x5dedc24f5b30,69,485273299975,0,489366994,malloc,1
0x5dedc24f5b80,1016,485273302532,485282169549,8867017,malloc,0
0x5dedc265e590,32672,485273481469,0,489188166,malloc,1
0x5dedc24f3c30,68,485273518932,485273524748,5816,malloc,0
0x5dedc24f5f80,72,485273519793,0,489152302,malloc,1
0x5dedc24f5fd0,68,485273520707,0,489152627,malloc,1
0x5dedc2666540,14680,485273530229,0,489144337,malloc,1
0x5dedc24f3c30,63,485273541294,485273544558,3264,malloc,0
0x5dedc24f6020,72,485273541895,0,489135195,malloc,1
0x5dedc24f6070,63,485273542249,0,489136015,malloc,1
0x5dedc2669ea0,24008,485273556251,0,489123231,malloc,1
0x5dedc24f3c30,58,485273579919,485273583376,3457,malloc,0
0x5dedc24f60c0,72,485273580461,0,489296457,malloc,1
0x5dedc24f6110,58,485273580775,0,489297413,malloc,1
0x5dedc266fc70,44752,485273598271,0,489281187,malloc,1
0x5dedc24f3c30,69,485273657345,485273660584,3239,malloc,0
0x5dedc24f6160,72,485273657982,0,489224031,malloc,1
0x5dedc24f61b0,69,485273658304,0,489225000,malloc,1
0x5dedc267ab50,44176,485273671346,0,489213229,malloc,1
0x5dedc24f3c30,69,485273718121,485273725491,7370,malloc,0
0x5dedc24f6200,72,485273722858,0,489164267,malloc,1
0x5dedc24f6250,69,485273723185,0,489165143,malloc,1
0x5dedc26857f0,4576,485273730758,0,489158816,malloc,1
0x5dedc24f0b40,52,485273732258,485273734844,2586,malloc,0
0x5dedc24f3c30,72,485273732496,0,489159680,malloc,1
0x5dedc24f0b80,52,485273732734,0,489160660,malloc,1
0x5dedc26869e0,49392,485274103171,0,488791473,malloc,1
0x5dedc24f62a0,68,485274156452,485274160286,3834,malloc,0
0x5dedc24f62f0,72,485274157014,0,488740184,malloc,1
0x5dedc24f6340,68,485274157351,0,488741049,malloc,1
0x5dedc2692ae0,19416,485274165639,0,488734068,malloc,1
0x5dedc24f62a0,63,485274184875,485274187604,2729,malloc,0
0x5dedc24f6390,72,485274185249,0,488717011,malloc,1
0x5dedc24f63e0,63,485274185482,0,488717982,malloc,1
0x5dedc26976c0,35920,485274197471,0,488707229,malloc,1
0x5dedc24f62a0,58,485274330462,485274334124,3662,malloc,0
0x5dedc24f6430,72,485274331113,0,488576132,malloc,1
0x5dedc24f6480,58,485274331475,0,488576960,malloc,1
0x5dedc26a0320,55936,485274431562,0,488478123,malloc,1
0x5dedc24f62a0,69,485274549816,485274554146,4330,malloc,0
0x5dedc24f64d0,72,485274550828,0,488361426,malloc,1
0x5dedc24f6520,69,485274551178,0,488362277,malloc,1
0x5dedc26addb0,55432,485274695167,0,488219548,malloc,1
0x5dedc24f62a0,69,485274758248,485274762428,4180,malloc,0
0x5dedc24f6570,72,485274759158,0,488158099,malloc,1
0x5dedc24f65c0,69,485274759606,0,488158857,malloc,1
0x5dedc26bb640,4576,485274767747,0,488151970,malloc,1
0x5dedc24f0b40,53,485274769089,485274771880,2791,malloc,0
0x5dedc24f62a0,72,485274769329,0,488152977,malloc,1
0x5dedc2509680,53,485274769989,0,488153524,malloc,1
0x5dedc26bc830,49392,485274829487,0,488095276,malloc,1
0x5dedc24f6610,69,485274894432,485274897744,3312,malloc,0
0x5dedc24f6660,72,485274895024,0,488032359,malloc,1
0x5dedc24f66b0,69,485274895377,0,488033206,malloc,1
0x5dedc26c8930,19416,485274908939,0,488020891,malloc,1
0x5dedc24f6610,64,485274928496,485274932088,3592,malloc,0
0x5dedc24f6700,72,485274929091,0,488003291,malloc,1
0x5dedc24f6750,64,485274929415,0,488004172,malloc,1
0x5dedc26cd510,35920,485274942612,0,487992227,malloc,1
0x5dedc24f6610,59,485274980930,485274984465,3535,malloc,0
0x5dedc24f67a0,72,485274981565,0,487955814,malloc,1
0x5dedc24f67f0,59,485274981852,0,487956775,malloc,1
0x5dedc26d6170,55936,485275297747,0,487642117,malloc,1
0x5dedc24f6610,70,485275355378,485275359503,4125,malloc,0
0x5dedc24f6840,72,485275356067,0,487586356,malloc,1
0x5dedc24f6890,70,485275356532,0,487587093,malloc,1
0x5dedc26e3c00,55432,485275557862,0,487386995,malloc,1
0x5dedc24f6610,70,485275628653,485275632556,3903,malloc,0
0x5dedc24f68e0,72,485275629441,0,487318026,malloc,1
0x5dedc24f6930,70,485275629815,0,487318852,malloc,1
0x5dedc26f1490,4576,485275637659,0,487312553,malloc,1
0x5dedc24f0b40,52,485275643033,485275645889,2856,malloc,0
0x5dedc24f6610,72,485275643318,0,487309495,malloc,1
0x5dedc24f6980,52,485275643754,0,487310270,malloc,1
0x5dedc26f2680,49392,485275650502,0,487304778,malloc,1
0x5dedc24f69c0,68,485275790924,485275795365,4441,malloc,0
0x5dedc24f6a10,72,485275791537,0,487166335,malloc,1
0x5dedc26fe780,68,485275792697,0,487166390,malloc,1
0x5dedc26fe7d0,19416,485275806145,0,487154212,malloc,1
0x5dedc24f69c0,63,485275825343,485275828540,3197,malloc,0
0x5dedc27033b0,72,485275825689,0,487137244,malloc,1
0x5dedc2703400,63,485275825933,0,487138189,malloc,1
0x5dedc2703450,35920,485275986282,0,486979096,malloc,1
0x5dedc24f69c0,58,485276035661,485276039270,3609,malloc,0
0x5dedc270c0b0,72,485276036259,0,486931782,malloc,1
0x5dedc270c100,58,485276036472,0,486932764,malloc,1
0x5dedc270c150,55936,485276051868,0,487104705,malloc,1
0x5dedc24f69c0,69,485276363648,485276372083,8435,malloc,0
0x5dedc2719be0,72,485276368742,0,486791037,malloc,1
0x5dedc2719c30,69,485276369081,0,486791935,malloc,1
0x5dedc2719c80,55432,485276383165,0,486779097,malloc,1
0x5dedc24f69c0,69,485276455027,485276458106,3079,malloc,0
0x5dedc2727510,72,485276455653,0,486709219,malloc,1
0x5dedc2727560,69,485276455886,0,486710194,malloc,1
0x5dedc27275b0,4576,485276462778,0,486704567,malloc,1
0x5dedc24f0b40,52,485276464096,485276467103,3007,malloc,0
0x5dedc24f69c0,72,485276464347,0,486705682,malloc,1
0x5dedc27287a0,52,485276464645,0,486706592,malloc,1
0x5dedc27287e0,49392,485276661848,0,486510648,malloc,1
0x5dedc27348e0,68,485276784317,485276788080,3763,malloc,0
0x5dedc2734930,72,485276784821,0,486390285,malloc,1
0x5dedc2734980,68,485276785155,0,486391217,malloc,1
0x5dedc27349d0,19416,485276793112,0,486384513,malloc,1
0x5dedc27348e0,63,485276812155,485276815050,2895,malloc,0
0x5dedc27395b0,72,485276812601,0,486367621,malloc,1
0x5dedc2739600,63,485276812886,0,486368542,malloc,1
0x5dedc2739650,35920,485276826363,0,486356374,malloc,1
0x5dedc27348e0,58,485276873972,485276877864,3892,malloc,0
0x5dedc27422b0,72,485276874426,0,486310938,malloc,1
0x5dedc2742300,58,485276874725,0,486311852,malloc,1
0x5dedc2742350,55936,485276886503,0,486301306,malloc,1
0x5dedc27348e0,69,485276942875,485276946288,3413,malloc,0
0x5dedc274fde0,72,485276943497,0,486246893,malloc,1
0x5dedc274fe30,69,485276943757,0,486247892,malloc,1
0x5dedc274fe80,55432,485277104736,0,486088154,malloc,1
0x5dedc27348e0,69,485277166367,485277170599,4232,malloc,0
0x5dedc275d710,72,485277166978,0,486028493,malloc,1
0x5dedc275d760,69,485277167315,0,486029400,malloc,1
0x5dedc275d7b0,4576,485277175471,0,486022553,malloc,1
0x5dedc24f0b40,52,485277176874,485277179523,2649,malloc,0
0x5dedc27348e0,72,485277177109,0,486023544,malloc,1
0x5dedc275e9a0,52,485277177476,0,486024392,malloc,1
0x5dedc275e9e0,49392,485277189403,0,486013733,malloc,1
0x5dedc276aae0,68,485277242340,485277245204,2864,malloc,0
0x5dedc276ab30,72,485277242622,0,485963185,malloc,1
0x5dedc276ab80,68,485277242872,0,485964141,malloc,1
0x5dedc276abd0,19416,485277250226,0,485958048,malloc,1
0x5dedc276aae0,63,485277279396,485277282565,3169,malloc,0
0x5dedc276f7b0,72,485277279731,0,485931139,malloc,1
0x5dedc276f800,63,485277279999,0,485932104,malloc,1
0x5dedc276f850,35920,485277488038,0,485725315,malloc,1
0x5dedc276aae0,58,485277537580,485277541322,3742,malloc,0
0x5dedc27784b0,72,485277538097,0,485677885,malloc,1
0x5dedc2778500,58,485277538419,0,485678772,malloc,1
0x5dedc2778550,55936,485277665263,0,485553199,malloc,1
0x5dedc276aae0,69,485277800546,485277808795,8249,malloc,0
0x5dedc2785fe0,72,485277804839,0,485416237,malloc,1
0x5dedc2786030,69,485277805249,0,485417020,malloc,1
0x5dedc2786080,55432,485277892846,0,485330677,malloc,1
0x5dedc276aae0,69,485278022225,485278026569,4344,malloc,0
0x5dedc2793910,72,485278023093,0,485203005,malloc,1
0x5dedc2793960,69,485278023390,0,485203929,malloc,1
0x5dedc27939b0,4576,485278031777,0,485196838,malloc,1
0x5dedc24f0b40,52,485278033055,485278044448,11393,malloc,0
0x5dedc276aae0,72,485278033274,0,485198008,malloc,1
0x5dedc2794ba0,52,485278033556,0,485198943,malloc,1
0x5dedc2794be0,44912,485278050573,0,485183196,malloc,1
0x5dedc279fb60,68,485278097212,485278100246,3034,malloc,0
0x5dedc279fbb0,72,485278097519,0,485138848,malloc,1
0x5dedc279fc00,68,485278097769,0,485139872,malloc,1
0x5dedc279fc50,18584,485278111171,0,485127710,malloc,1
0x5dedc279fb60,63,485278130043,485278133393,3350,malloc,0
0x5dedc27a44f0,72,485278130283,0,485111205,malloc,1
0x5dedc27a4540,63,485278130560,0,485112141,malloc,1
0x5dedc27a4590,33168,485278320957,0,484922987,malloc,1
0x5dedc279fb60,58,485278405180,485278416312,11132,malloc,0
0x5dedc27ac730,72,485278412900,0,484833741,malloc,1
0x5dedc27ac780,58,485278413167,0,484834680,malloc,1
0x5dedc27ac7d0,50816,485278435866,0,484813240,malloc,1
0x5dedc279fb60,69,485278488344,485278491884,3540,malloc,0
0x5dedc27b8e60,72,485278488807,0,484762920,malloc,1
0x5dedc27b8eb0,69,485278489088,0,484763854,malloc,1
0x5dedc27b8f00,51080,485278560205,0,484870383,malloc,1
0x5dedc279fb60,69,485278617186,485278621054,3868,malloc,0
0x5dedc27c5690,72,485278617762,0,484815967,malloc,1
0x5dedc27c56e0,69,485278618068,0,484816908,malloc,1
0x5dedc27c5730,5096,485278626138,0,484810119,malloc,1
0x5dedc24f0b40,53,485278627345,485278630808,3463,malloc,0
0x5dedc279fb60,72,485278627595,0,484811333,malloc,1
0x5dedc27c6b20,53,485278627821,0,484812320,malloc,1
0x5dedc27c6b60,5032,485278644235,0,484797180,malloc,1
0x5dedc24f0b40,53,485278645294,485278648414,3120,malloc,0
0x5dedc27c7f10,72,485278645704,0,484798342,malloc,1
0x5dedc27c7f60,53,485278646019,0,484799227,malloc,1
0x5dedc27c7fa0,5096,485278652662,0,484793823,malloc,1
0x5dedc24f0b40,53,485278657342,485278660223,2881,malloc,0
0x5dedc27c9390,72,485278657689,0,484791482,malloc,1
0x5dedc27c93e0,53,485278658014,0,484792360,malloc,1
0x5dedc27c9420,5032,485278664654,0,484786962,malloc,1
0x5dedc24f0b40,53,485278666004,485278668807,2803,malloc,0
0x5dedc27ca7d0,72,485278666379,0,484787847,malloc,1
0x5dedc27ca820,53,485278666685,0,484788740,malloc,1
0x5dedc27ca860,49752,485278863537,0,484593133,malloc,1
0x5dedc27d6ac0,69,485279243254,485279247372,4118,malloc,0
0x5dedc27d6b10,72,485279243794,0,484215502,malloc,1
0x5dedc27d6b60,69,485279244128,0,484216367,malloc,1
0x5dedc27d6bb0,49112,485279257705,0,484204034,malloc,1
0x5dedc27d6ac0,69,485279310659,485279313981,3322,malloc,0
0x5dedc27e2b90,72,485279311046,0,484153362,malloc,1
0x5dedc27e2be0,69,485279311353,0,484154256,malloc,1
0x5dedc27e2c30,49624,485279318501,0,484148354,malloc,1
0x5dedc27d6ac0,69,485279381409,485279385821,4412,malloc,0
0x5dedc27eee10,72,485279382055,0,484087401,malloc,1
0x5dedc27eee60,69,485279382279,0,484088437,malloc,1
0x5dedc27eeeb0,49112,485279523320,0,483948642,malloc,1
0x5dedc27d6ac0,69,485279576525,485279580610,4085,malloc,0
0x5dedc27fae90,72,485279577128,0,483897442,malloc,1
0x5dedc27faee0,69,485279577498,0,483898283,malloc,1
0x5dedc27faf30,19600,485279585443,0,483891636,malloc,1
0x5dedc27d6ac0,64,485279604455,485279608015,3560,malloc,0
0x5dedc27ffbd0,72,485279604948,0,483874727,malloc,1
0x5dedc27ffc20,64,485279605260,0,483875615,malloc,1
0x5dedc27ffc70,19472,485279622327,0,483859786,malloc,1
0x5dedc27d6ac0,64,485279652635,485279656283,3648,malloc,0
0x5dedc2804890,72,485279653080,0,483831632,malloc,1
0x5dedc28048e0,64,485279653357,0,483832567,malloc,1
0x5dedc2804930,19600,485279660964,0,483826219,malloc,1
0x5dedc27d6ac0,64,485279680679,485279683610,2931,malloc,0
0x5dedc28095d0,72,485279681044,0,483808755,malloc,1
0x5dedc2809620,64,485279681311,0,483809743,malloc,1
0x5dedc2809670,19472,485279687796,0,483804505,malloc,1
0x5dedc27d6ac0,64,485279707463,485279710915,3452,malloc,0
0x5dedc280e290,72,485279707974,0,483786946,malloc,1
0x5dedc280e2e0,64,485279708296,0,483787887,malloc,1
0x5dedc280e330,37384,485279920726,0,483576709,malloc,1
0x5dedc27d6ac0,59,485279965993,485279970322,4329,malloc,0
0x5dedc2817540,72,485279966540,0,483533497,malloc,1
0x5dedc2817590,59,485279966883,0,483534423,malloc,1
0x5dedc28175e0,37000,485280098846,0,483403719,malloc,1
0x5dedc27d6ac0,59,485280227966,485280232640,4674,malloc,0
0x5dedc2820670,72,485280228762,0,483276423,malloc,1
0x5dedc28206c0,59,485280229100,0,483277298,malloc,1
0x5dedc2820710,37384,485280344034,0,483163609,malloc,1
0x5dedc27d6ac0,59,485280441629,485280450093,8464,malloc,0
0x5dedc2829920,72,485280442323,0,483067918,malloc,1
0x5dedc2829970,59,485280446597,0,483064845,malloc,1
0x5dedc28299c0,37000,485280461020,0,483051678,malloc,1
0x5dedc27d6ac0,59,485280499848,485280503627,3779,malloc,0
0x5dedc2832a50,72,485280500241,0,483015137,malloc,1
0x5dedc2832aa0,59,485280500558,0,483016011,malloc,1
0x5dedc2832af0,54512,485280508327,0,483009498,malloc,1
0x5dedc27d6ac0,70,485280574326,485280582013,7687,malloc,0
0x5dedc283fff0,72,485280578846,0,482941584,malloc,1
0x5dedc2840040,70,485280579197,0,482942433,malloc,1
0x5dedc2840090,54320,485280727735,0,482795145,malloc,1
0x5dedc27d6ac0,70,485280837767,485280841980,4213,malloc,0
0x5dedc284d4d0,72,485280838440,0,482687093,malloc,1
0x5dedc284d520,70,485280838895,0,482860843,malloc,1
0x5dedc284d570,54384,485280851666,0,482851068,malloc,1
0x5dedc27d6ac0,70,485280916931,485280924904,7973,malloc,0
0x5dedc285a9f0,72,485280917467,0,482789739,malloc,1
0x5dedc285aa40,70,485280921872,0,482787477,malloc,1
0x5dedc285aa90,54320,485280994235,0,482717616,malloc,1
0x5dedc27d6ac0,70,485281071639,485281076235,4596,malloc,0
0x5dedc2867ed0,72,485281072302,0,482642973,malloc,1
0x5dedc2867f20,70,485281072644,0,482643842,malloc,1
0x5dedc2867f70,54824,485281518222,0,482199530,malloc,1
0x5dedc27d6ac0,70,485281577439,485281582970,5531,malloc,0
0x5dedc28755a0,72,485281578112,0,482142223,malloc,1
0x5dedc28755f0,70,485281578452,0,482143170,malloc,1
0x5dedc2875640,54312,485281593066,0,482129826,malloc,1
0x5dedc27d6ac0,70,485281735011,485281740806,5795,malloc,0
0x5dedc2882a70,72,485281736099,0,481989393,malloc,1
0x5dedc2882ac0,70,485281736388,0,481990322,malloc,1
0x5dedc2882b10,54568,485281745931,0,481982047,malloc,1
0x5dedc27d6ac0,70,485281808516,485281811947,3431,malloc,0
0x5dedc2890040,72,485281809177,0,481921421,malloc,1
0x5dedc2890090,70,485281809432,0,481922370,malloc,1
0x5dedc28900e0,54312,485281987403,0,481745636,malloc,1
0x5dedc27d6ac0,70,485282108150,485282112017,3867,malloc,0
0x5dedc289d510,72,485282108700,0,481626953,malloc,1
0x5dedc289d560,70,485282108887,0,481627984,malloc,1
0x5dedc289d5b0,5096,485282115514,0,481622602,malloc,1
0x5dedc24f0b40,53,485282116700,485282119049,2349,malloc,0
0x5dedc27d6ac0,72,485282116969,0,481623787,malloc,1
0x5dedc289e9a0,53,485282117136,0,481624826,malloc,1
0x5dedc289e9e0,5096,485282122995,0,481620221,malloc,1
0x5dedc24f0b40,53,485282124294,485282127213,2919,malloc,0
0x5dedc289fdd0,72,485282124654,0,481621183,malloc,1
0x5dedc289fe20,53,485282124894,0,481622188,malloc,1
0x5dedc289fe60,5032,485282138118,0,481610211,malloc,1
0x5dedc24f0b40,53,485282142641,485282171055,28414,malloc,0
0x5dedc28a1210,72,485282142997,0,481608048,malloc,1
0x5dedc28a1260,53,485282143311,0,481608942,malloc,1
0x5dedc28a12a0,2056,485282145243,485296241289,14096046,malloc,0
0x5dedc28a1ab0,5032,485282174986,0,481580219,malloc,1
0x5dedc24f0b40,53,485282175981,485282178229,2248,malloc,0
0x5dedc28a2e60,72,485282176212,0,481581635,malloc,1
0x5dedc28a2eb0,53,485282176388,0,481582795,malloc,1
0x5dedc28a2ef0,5032,485282181402,0,481579053,malloc,1
0x5dedc24f0b40,53,485282184742,485282186715,1973,malloc,0
0x5dedc28a42a0,72,485282184920,0,481578070,malloc,1
0x5dedc28a42f0,53,485282185096,0,481579122,malloc,1
0x5dedc28a4330,5032,485282189726,0,481575751,malloc,1
0x5dedc24f0b40,53,485282190817,485282192874,2057,malloc,0
0x5dedc28a56e0,72,485282190993,0,481577100,malloc,1
0x5dedc28a5730,53,485282191170,0,481578138,malloc,1
0x5dedc28a5770,5032,485282196056,0,481574523,malloc,1
0x5dedc24f0b40,53,485282196863,485282198848,1985,malloc,0
0x5dedc28a6b20,72,485282197041,0,481576063,malloc,1
0x5dedc28a6b70,53,485282197217,0,481577084,malloc,1
0x5dedc28a6bb0,5032,485282201679,0,481573883,malloc,1
0x5dedc24f0b40,53,485282205406,485282207473,2067,malloc,0
0x5dedc28a7f60,72,485282205596,0,481572498,malloc,1
0x5dedc28a7fb0,53,485282205770,0,481573520,malloc,1
0x5dedc28a7ff0,49344,485282217686,0,481562856,malloc,1
0x5dedc28b40c0,69,485282267552,485282269845,2293,malloc,0
0x5dedc28b4110,72,485282267793,0,481515313,malloc,1
0x5dedc28b4160,69,485282267965,0,481516412,malloc,1
0x5dedc28b41b0,49344,485282433724,0,481351908,malloc,1
0x5dedc28b40c0,69,485282477665,485282481061,3396,malloc,0
0x5dedc28c0280,72,485282477979,0,481310194,malloc,1
0x5dedc28c02d0,69,485282478163,0,481311221,malloc,1
0x5dedc28c0320,49304,485282489380,0,481301254,malloc,1
0x5dedc28b40c0,69,485282543893,485282546728,2835,malloc,0
0x5dedc28cc3c0,72,485282544268,0,481248996,malloc,1
0x5dedc28cc410,69,485282544448,0,481250035,malloc,1
0x5dedc28cc460,49304,485282714526,0,481081202,malloc,1
0x5dedc28b40c0,69,485282754655,485282758005,3350,malloc,0
0x5dedc28d8500,72,485282755034,0,481043231,malloc,1
0x5dedc28d8550,69,485282755297,0,481044194,malloc,1
0x5dedc28d85a0,49304,485282908530,0,480892272,malloc,1
0x5dedc28b40c0,69,485283035126,485283041001,5875,malloc,0
0x5dedc28e4640,72,485283036170,0,480956814,malloc,1
0x5dedc28e4690,69,485283036477,0,480958212,malloc,1
0x5dedc28e46e0,49304,485283123344,0,480872646,malloc,1
0x5dedc28b40c0,69,485283209914,485283213682,3768,malloc,0
0x5dedc28f0780,72,485283210379,0,480788245,malloc,1
0x5dedc28f07d0,69,485283210633,0,480789190,malloc,1
0x5dedc28f0820,49304,485283220924,0,480807801,malloc,1
0x5dedc28b40c0,69,485283259384,485283268784,9400,malloc,0
0x5dedc28fc8c0,72,485283259628,0,480771893,malloc,1
0x5dedc28fc910,69,485283259803,0,480772923,malloc,1
0x5dedc28fc960,49304,485283432797,0,480601182,malloc,1
0x5dedc28b40c0,69,485283477458,485283486797,9339,malloc,0
0x5dedc2908a00,72,485283478185,0,480558339,malloc,1
0x5dedc2908a50,69,485283478483,0,480559362,malloc,1
0x5dedc2908aa0,19528,485283491564,0,480547526,malloc,1
0x5dedc28b40c0,64,485283508889,485283511399,2510,malloc,0
0x5dedc290d6f0,72,485283509162,0,480532452,malloc,1
0x5dedc290d740,64,485283509336,0,480533469,malloc,1
0x5dedc290d790,19528,485283518625,0,480525423,malloc,1
0x5dedc28b40c0,64,485283533294,485283535208,1914,malloc,0
0x5dedc29123e0,72,485283533523,0,480513085,malloc,1
0x5dedc2912430,64,485283533700,0,480514118,malloc,1
0x5dedc2912480,19536,485283538075,0,480510978,malloc,1
0x5dedc28b40c0,64,485283552791,485283554903,2112,malloc,0
0x5dedc29170e0,72,485283552999,0,480498598,malloc,1
0x5dedc2917130,64,485283553180,0,480499603,malloc,1
0x5dedc2917180,19536,485283557960,0,480496062,malloc,1
0x5dedc28b40c0,64,485283576295,485283578224,1929,malloc,0
0x5dedc291bde0,72,485283576518,0,480480102,malloc,1
0x5dedc291be30,64,485283576692,0,480481119,malloc,1
0x5dedc291be80,19536,485283581227,0,480477841,malloc,1
0x5dedc28b40c0,64,485283595054,485283597143,2089,malloc,0
0x5dedc2920ae0,72,485283595261,0,480466412,malloc,1
0x5dedc2920b30,64,485283595442,0,480467412,malloc,1
0x5dedc2920b80,19536,485283645073,0,480419010,malloc,1
0x5dedc28b40c0,64,485283664336,485283669148,4812,malloc,0
0x5dedc29257e0,72,485283664850,0,480401847,malloc,1
0x5dedc2925830,64,485283665190,0,480402697,malloc,1
0x5dedc2925880,19536,485283768873,0,480300259,malloc,1
0x5dedc28b40c0,64,485283786777,485283790007,3230,malloc,0
0x5dedc292a4e0,72,485283787239,0,480284514,malloc,1
0x5dedc292a530,64,485283787424,0,480285518,malloc,1
0x5dedc292a580,19536,485283793270,0,480280908,malloc,1
0x5dedc28b40c0,64,485283807614,485283809513,1899,malloc,0
0x5dedc292f1e0,72,485283807818,0,480268976,malloc,1
0x5dedc292f230,64,485283807995,0,480269979,malloc,1
0x5dedc292f280,36944,485283906937,0,480172286,malloc,1
0x5dedc28b40c0,59,485284360286,485284379734,19448,malloc,0
0x5dedc29382e0,72,485284360954,0,479720876,malloc,1
0x5dedc2938330,59,485284361140,0,479721868,malloc,1
0x5dedc2938380,36944,485284383480,0,479700815,malloc,1
0x5dedc28b40c0,59,485284513832,485284516793,2961,malloc,0
0x5dedc29413e0,72,485284514244,0,479572661,malloc,1
0x5dedc2941430,59,485284514424,0,479573663,malloc,1
0x5dedc2941480,37128,485284539028,0,479550304,malloc,1
0x5dedc28b40c0,59,485284619680,485284638818,19138,malloc,0
0x5dedc294a590,72,485284620018,0,479471919,malloc,1
0x5dedc294a5e0,59,485284620192,0,479472925,malloc,1
0x5dedc294a630,37128,485284977094,0,479117256,malloc,1
0x5dedc28b40c0,59,485285111340,485285115399,4059,malloc,0
0x5dedc2953740,72,485285111978,0,478984916,malloc,1
0x5dedc2953790,59,485285112177,0,478985898,malloc,1
0x5dedc29537e0,37128,485285133967,0,478965348,malloc,1
0x5dedc28b40c0,59,485285192620,485285195185,2565,malloc,0
0x5dedc295c8f0,72,485285192872,0,478908982,malloc,1
0x5dedc295c940,59,485285193047,0,478910010,malloc,1
0x5dedc295c990,37128,485285218236,0,478886065,malloc,1
0x5dedc28b40c0,59,485285299579,485285302974,3395,malloc,0
0x5dedc2965aa0,72,485285299939,0,478806937,malloc,1
0x5dedc2965af0,59,485285300117,0,478807956,malloc,1
0x5dedc2965b40,37128,485285306071,0,478803235,malloc,1
0x5dedc28b40c0,59,485285428694,485285431875,3181,malloc,0
0x5dedc296ec50,72,485285429102,0,478682745,malloc,1
0x5dedc296eca0,59,485285429284,0,478683870,malloc,1
0x5dedc296ecf0,37128,485285649489,0,478464990,malloc,1
0x5dedc28b40c0,59,485285679373,485285683537,4164,malloc,0
0x5dedc2977e00,72,485285679770,0,478644076,malloc,1
0x5dedc2977e50,59,485285680044,0,478645905,malloc,1
0x5dedc2977ea0,54512,485285691121,0,478636145,malloc,1
0x5dedc28b40c0,70,485285769600,485285772909,3309,malloc,0
0x5dedc29853a0,72,485285770052,0,478559772,malloc,1
0x5dedc29853f0,70,485285770226,0,478560797,malloc,1
0x5dedc2985440,54512,485285778750,0,478553510,malloc,1
0x5dedc28b40c0,70,485285838998,485285842345,3347,malloc,0
0x5dedc2992940,72,485285839529,0,478495352,malloc,1
0x5dedc2992990,70,485285839731,0,478496363,malloc,1
0x5dedc29929e0,54384,485286233588,0,478103754,malloc,1
0x5dedc28b40c0,70,485286279097,485286283097,4000,malloc,0
0x5dedc299fe60,72,485286279647,0,478060238,malloc,1
0x5dedc299feb0,70,485286279850,0,478061251,malloc,1
0x5dedc299ff00,54384,485286292378,0,478049974,malloc,1
0x5dedc28b40c0,70,485286403559,485286406996,3437,malloc,0
0x5dedc29ad380,72,485286403958,0,477941005,malloc,1
0x5dedc29ad3d0,70,485286404133,0,477942005,malloc,1
0x5dedc29ad420,54384,485286507775,0,477839599,malloc,1
0x5dedc28b40c0,70,485286623287,485286627441,4154,malloc,0
0x5dedc29ba8a0,72,485286623860,0,477726084,malloc,1
0x5dedc29ba8f0,70,485286624046,0,477727087,malloc,1
0x5dedc29ba940,54384,485286767213,0,477585198,malloc,1
0x5dedc28b40c0,70,485286820600,485286824888,4288,malloc,0
0x5dedc29c7dc0,72,485286821159,0,477533791,malloc,1
0x5dedc29c7e10,70,485286821375,0,477534839,malloc,1
0x5dedc29c7e60,54384,485286835138,0,477522312,malloc,1
0x5dedc28b40c0,70,485286927178,485286931032,3854,malloc,0
0x5dedc29d52e0,72,485286927736,0,477432293,malloc,1
0x5dedc29d5330,70,485286927917,0,477433330,malloc,1
0x5dedc29d5380,54384,485286934235,0,477428252,malloc,1
0x5dedc28b40c0,70,485286993579,485286997000,3421,malloc,0
0x5dedc29e2800,72,485286994044,0,477370987,malloc,1
0x5dedc29e2850,70,485286994226,0,477372005,malloc,1
0x5dedc29e28a0,54392,485287231528,0,477135940,malloc,1
0x5dedc28b40c0,70,485287275215,485287279255,4040,malloc,0
0x5dedc29efd20,72,485287275669,0,477094353,malloc,1
0x5dedc29efd70,70,485287275947,0,477095266,malloc,1
0x5dedc29efdc0,54392,485287537125,0,476835323,malloc,1
0x5dedc28b40c0,70,485287589286,485287595963,6677,malloc,0
0x5dedc29fd240,72,485287592446,0,476782534,malloc,1
0x5dedc29fd290,70,485287592641,0,476783515,malloc,1
0x5dedc29fd2e0,54376,485287608723,0,476768665,malloc,1
0x5dedc28b40c0,70,485287723798,485287728088,4290,malloc,0
0x5dedc2a0a750,72,485287724374,0,476655565,malloc,1
0x5dedc2a0a7a0,70,485287724557,0,476656632,malloc,1
0x5dedc2a0a7f0,54376,485287935368,0,476447062,malloc,1
0x5dedc28b40c0,70,485287979116,485287983284,4168,malloc,0
0x5dedc2a17c60,72,485287979629,0,476405496,malloc,1
0x5dedc2a17cb0,70,485287979911,0,476406392,malloc,1
0x5dedc2a17d00,54440,485287995022,0,476392583,malloc,1
0x5dedc28b40c0,70,485288065853,485288069426,3573,malloc,0
0x5dedc2a251b0,72,485288066280,0,476323878,malloc,1
0x5dedc2a25200,70,485288066457,0,476324946,malloc,1
0x5dedc2a25250,54440,485288073089,0,476319567,malloc,1
0x5dedc28b40c0,70,485288127052,485288132063,5011,malloc,0
0x5dedc2a32700,72,485288127496,0,476267752,malloc,1
0x5dedc2a32750,70,485288127744,0,476268694,malloc,1
0x5dedc2a327a0,54440,485288303321,0,476094427,malloc,1
0x5dedc28b40c0,70,485288354240,485288358071,3831,malloc,0
0x5dedc2a3fc50,72,485288354687,0,476045609,malloc,1
0x5dedc2a3fca0,70,485288354970,0,476046510,malloc,1
0x5dedc2a3fcf0,54440,485288367554,0,476035165,malloc,1
0x5dedc28b40c0,70,485288440136,485288443371,3235,malloc,0
0x5dedc2a4d1a0,72,485288440597,0,475964667,malloc,1
0x5dedc2a4d1f0,70,485288440774,0,475965739,malloc,1
0x5dedc2a4d240,4776,485288446647,0,475961109,malloc,1
0x5dedc24f0b40,53,485288447785,485288450193,2408,malloc,0
0x5dedc28b40c0,72,485288448004,0,475962311,malloc,1
0x5dedc2a4e4f0,53,485288448183,0,475963312,malloc,1
0x5dedc2a4e530,4776,485288453310,0,475959466,malloc,1
0x5dedc24f0b40,53,485288454260,485288456585,2325,malloc,0
0x5dedc2a4f7e0,72,485288454444,0,475960895,malloc,1
0x5dedc2a4f830,53,485288454617,0,475961948,malloc,1
0x5dedc2a4f870,4968,485288459613,0,475958185,malloc,1
0x5dedc24f0b40,53,485288460690,485288462871,2181,malloc,0
0x5dedc2a50be0,72,485288460867,0,476247945,malloc,1
0x5dedc2a50c30,53,485288461041,0,476249414,malloc,1
0x5dedc2a50c70,4648,485288466021,0,476245911,malloc,1
0x5dedc24f0b40,53,485288467031,485288469207,2176,malloc,0
0x5dedc2a51ea0,72,485288467214,0,476247473,malloc,1
0x5dedc2a51ef0,53,485288467393,0,476248504,malloc,1
0x5dedc2a51f30,4648,485288472150,0,476244990,malloc,1
0x5dedc24f0b40,53,485288475571,485288478332,2761,malloc,0
0x5dedc2a53160,72,485288475765,0,476244034,malloc,1
0x5dedc2a531b0,53,485288475940,0,476245051,malloc,1
0x5dedc2a531f0,4648,485288620874,0,476101414,malloc,1
0x5dedc24f0b40,53,485288622596,485288626453,3857,malloc,0
0x5dedc2a54420,72,485288622874,0,476101977,malloc,1
0x5dedc2a54470,53,485288623123,0,476102913,malloc,1
0x5dedc2a544b0,39808,485288630085,0,476097198,malloc,1
0x5dedc2a5e040,69,485288725714,485288728971,3257,malloc,0
0x5dedc2a5e090,72,485288726034,0,476003854,malloc,1
0x5dedc2a5e0e0,69,485288726204,0,476004866,malloc,1
0x5dedc2a5e130,39808,485288950486,0,475781819,malloc,1
0x5dedc2a5e040,69,485288989841,485288993926,4085,malloc,0
0x5dedc2a67cc0,72,485288990301,0,475744567,malloc,1
0x5dedc2a67d10,69,485288990492,0,475745569,malloc,1
0x5dedc2a67d60,41792,485288997232,0,475740064,malloc,1
0x5dedc2a5e040,69,485289049532,485289052841,3309,malloc,0
0x5dedc2a720b0,72,485289050027,0,475689890,malloc,1
0x5dedc2a72100,69,485289050216,0,475690899,malloc,1
0x5dedc2a72150,38912,485289060756,0,475681654,malloc,1
0x5dedc2a5e040,69,485289090090,485289092449,2359,malloc,0
0x5dedc2a7b960,72,485289090348,0,475654610,malloc,1
0x5dedc2a7b9b0,69,485289090528,0,475655614,malloc,1
0x5dedc2a7ba00,38912,485289131015,0,475616386,malloc,1
0x5dedc2a5e040,69,485289163716,485289169658,5942,malloc,0
0x5dedc2a85210,72,485289166721,0,475583309,malloc,1
0x5dedc2a85260,69,485289166907,0,475584305,malloc,1
0x5dedc2a852b0,38720,485289304817,0,475447706,malloc,1
0x5dedc2a5e040,69,485289341146,485289345686,4540,malloc,0
0x5dedc2a8ea00,72,485289342143,0,475413095,malloc,1
0x5dedc2a8ea50,69,485289342483,0,475414010,malloc,1
0x5dedc2a8eaa0,16712,485289349024,0,475408699,malloc,1
0x5dedc2a5e040,64,485289360688,485289363309,2621,malloc,0
0x5dedc2a92bf0,72,485289360899,0,475399372,malloc,1
0x5dedc2a92c40,64,485289361073,0,475400380,malloc,1
0x5dedc2a92c90,16712,485289370365,0,475392332,malloc,1
0x5dedc2a5e040,64,485289381628,485289384323,2695,malloc,0
0x5dedc2a96de0,72,485289381858,0,475383373,malloc,1
0x5dedc2a96e30,64,485289382031,0,475384384,malloc,1
0x5dedc2a96e80,16648,485289387880,0,475379967,malloc,1
0x5dedc2a5e040,64,485289413826,485289422141,8315,malloc,0
0x5dedc2a9af90,72,485289414268,0,475356119,malloc,1
0x5dedc2a9afe0,64,485289418415,0,475353152,malloc,1
0x5dedc2a9b030,15048,485289425345,0,475347458,malloc,1
0x5dedc2a5e040,64,485289434224,485289436348,2124,malloc,0
0x5dedc2a9eb00,72,485289434446,0,475340899,malloc,1
0x5dedc2a9eb50,64,485289434623,0,475341909,malloc,1
0x5dedc2a9eba0,15048,485289439333,0,475338449,malloc,1
0x5dedc2a5e040,64,485289450416,485289452755,2339,malloc,0
0x5dedc2aa2670,72,485289450594,0,475329821,malloc,1
0x5dedc2aa26c0,64,485289450771,0,475330837,malloc,1
0x5dedc2aa2710,14984,485289502475,0,475280370,malloc,1
0x5dedc2a5e040,64,485289521946,485289525121,3175,malloc,0
0x5dedc2aa61a0,72,485289522182,0,475263277,malloc,1
0x5dedc2aa61f0,64,485289522354,0,475264296,malloc,1
0x5dedc2aa6240,30704,485289528302,0,475259584,malloc,1
0x5dedc2a5e040,59,485289550267,485289553098,2831,malloc,0
0x5dedc2aada40,72,485289550509,0,475239952,malloc,1
0x5dedc2aada90,59,485289550687,0,475240954,malloc,1
0x5dedc2aadae0,30704,485290029591,0,474763280,malloc,1
0x5dedc2a5e040,59,485290060687,485290064965,4278,malloc,0
0x5dedc2ab52e0,72,485290061134,0,474734338,malloc,1
0x5dedc2ab5330,59,485290061322,0,474735325,malloc,1
0x5dedc2ab5380,31600,485290068682,0,474729199,malloc,1
0x5dedc2a5e040,59,485290161674,485290166216,4542,malloc,0
0x5dedc2abcf00,72,485290162305,0,474638184,malloc,1
0x5dedc2abcf50,59,485290162559,0,474639152,malloc,1
0x5dedc2abcfa0,29872,485290173166,0,474857416,malloc,1
0x5dedc2a5e040,59,485290198715,485290201755,3040,malloc,0
0x5dedc2ac4460,72,485290198995,0,474835477,malloc,1
0x5dedc2ac44b0,59,485290199175,0,474836872,malloc,1
0x5dedc2ac4500,29872,485290204836,0,474832871,malloc,1
0x5dedc2a5e040,59,485290243235,485290247225,3990,malloc,0
0x5dedc2acb9c0,72,485290243663,0,474797392,malloc,1
0x5dedc2acba10,59,485290243849,0,474798795,malloc,1
0x5dedc2acba60,29552,485290250396,0,474793865,malloc,1
0x5dedc2a5e040,59,485290272796,485290275063,2267,malloc,0
0x5dedc2ad2de0,72,485290273007,0,474774588,malloc,1
0x5dedc2ad2e30,59,485290273191,0,474776022,malloc,1
0x5dedc2ad2e80,13920,485290485048,0,474565814,malloc,1
0x5dedc24f0b40,54,485290870242,485290877107,6865,malloc,0
0x5dedc2a5e040,72,485290870829,0,474183254,malloc,1
0x5dedc2ad64f0,54,485290871929,0,474183703,malloc,1
0x5dedc2ad6530,13920,485290881835,0,474175463,malloc,1
0x5dedc24f0b40,54,485290893120,485290897888,4768,malloc,0
0x5dedc2ad9ba0,72,485290893447,0,474167140,malloc,1
0x5dedc2ad9bf0,54,485290893686,0,474168461,malloc,1
0x5dedc2ad9c30,13792,485290902588,0,474161190,malloc,1
0x5dedc24f0b40,54,485290918454,485290922209,3755,malloc,0
