timestamp_ns,total_ticks,tps_current,tps_avg,throughput,latency_min_ns,latency_med_ns,latency_max_ns,errors,cpu_percent,ram_percent
28433098554924,28000,269778,269778,269778089,1035,1451,135330,0,97.41,81.33
28433208888631,38000,91423,178261,178261302,1035,1448,1026075,0,100.00,81.42
28433328021492,54000,152967,169935,169935348,1035,1495,1026075,0,100.00,81.66
28433417941527,64000,95396,151446,151445655,1035,1526,1026075,0,100.00,81.91
28433523646664,85000,209847,162628,162627505,1035,1580,1026075,0,100.00,82.15
28433635815613,106000,193190,167889,167889417,1035,1606,1026075,0,100.00,82.69
28433739057942,117000,105601,159068,159068137,1035,1606,1026075,0,100.00,82.91
28433847328617,133000,142828,156922,156921604,1035,1606,1026075,0,100.00,83.23
28433955794544,175000,411564,184287,184286819,1035,1606,1026075,0,100.00,83.04
28434058166141,199000,220691,188027,188027433,1035,1606,1026075,0,100.00,83.45
28434167799756,238000,351434,203535,203535316,1035,1606,1026075,0,100.00,83.64
28434269847181,277000,379867,217768,217767698,1035,1606,1026075,0,100.00,83.74
28434375833027,300000,226413,218407,218407090,1035,1606,1026075,0,100.00,83.57
28434475050223,314000,137234,212795,212795157,1035,1606,1026075,0,100.00,83.55
28434583661796,327000,120911,206555,206554900,1035,1606,1026075,0,100.00,83.26
28434685571198,342000,146832,202935,202934666,1035,1606,1026075,0,100.00,83.35
28434800352183,362000,170964,200859,200859469,1035,1606,1026075,0,100.00,83.58
28434899880988,393000,304706,206408,206408373,1035,1606,1026075,0,100.00,83.97
28435026829490,434000,373208,215508,215507524,1035,1606,1026075,0,100.00,84.38
28435128279498,442000,73500,208226,208225978,1035,1606,1026075,0,100.00,84.40
28435229197614,458000,152323,205590,205590092,1035,1606,1026075,0,100.00,84.61
28435343802000,478000,195497,205147,205146959,1035,1606,1026075,0,100.00,84.68
28435440378878,490000,115781,201341,201341086,1035,1606,1026075,0,98.81,85.22
28435541479714,496000,58582,195576,195575768,1035,1606,1026075,0,100.00,85.41
28435649677242,505000,89477,191528,191528294,1035,1606,1026075,0,100.00,85.40
28435777906490,512000,59244,185855,185854649,1035,1606,1026075,0,100.00,85.06
28435852269437,524000,118995,183494,183493567,1035,1606,1026075,0,100.00,85.00
28435965186140,547000,229629,185057,185056912,1035,1606,1026075,0,100.00,85.05
28436055660845,572000,243209,187011,187011234,1035,1606,1026075,0,100.00,85.37
28436162923803,588000,155352,185980,185979934,1035,1606,1026075,0,100.00,84.11
28436267917231,604000,156948,185073,185073050,1035,1606,1026075,0,100.00,85.00
28436364933457,625000,209886,185811,185811131,1035,1606,1026075,0,100.00,85.01
28436460980971,647000,217406,186734,186733880,1035,1606,1026075,0,100.00,84.91
28436582214731,671000,217891,187694,187693852,1035,1606,1026075,0,100.00,85.14
28436683118168,683000,116724,185710,185710019,1035,1606,1026075,0,100.00,85.10
28436788749834,696000,126441,184098,184098185,1035,1606,1026075,0,100.00,85.17
28436876692817,707000,109682,182175,182175104,1035,1606,1026075,0,100.00,84.94
28436980732457,723000,153985,181440,181440023,1035,1606,1026075,0,100.00,84.86
28437088477297,742000,176535,181311,181311031,1035,1606,1026075,0,100.00,84.92
28437192370026,763000,207793,181949,181949232,1035,1606,1026075,0,100.00,85.37
28437292191223,789000,252757,183645,183644550,1035,1606,1026075,0,100.00,85.48
28437401353899,809000,194645,183901,183901493,1035,1606,1026075,0,100.00,84.19
28437534125860,819000,92899,181728,181727870,1035,1606,1026075,0,100.00,84.40
28437608803765,834000,145869,180928,180927928,1035,1606,1026075,0,100.00,83.48
28437738638164,837000,24908,176955,176955166,1035,1606,1026075,0,100.00,83.19
28437831769355,857000,195237,177343,177342716,1035,1606,1026075,0,100.00,83.00
28437937629777,878000,208806,177984,177984170,1035,1606,1026075,0,100.00,83.10
28438029203879,890000,119894,176829,176828999,1035,1606,1026075,0,98.77,83.02
28438134855832,915000,248686,178236,178236128,1035,1606,1026075,0,100.00,83.37
28438240835054,944000,284058,180300,180299560,1035,1606,1026075,0,100.00,83.54
28438339765394,972000,275036,182107,182106510,1035,1606,1026075,0,100.00,83.29
28438441384819,1004000,301979,184440,184440042,1035,1606,1026075,0,100.00,83.24
28438539965259,1031000,267921,185957,185957434,1035,1606,1026075,0,100.00,83.43
28438648582940,1065000,336849,188655,188655350,1035,1606,1026075,0,100.00,83.50
28438742820978,1085000,196781,188799,188799063,1035,1606,1026075,0,100.00,83.61
28438853785816,1136000,497639,194210,194210127,1035,1606,1026075,0,98.80,83.62
28438949809600,1152000,158375,193602,193601722,1035,1606,1026075,0,100.00,83.70
28439048505065,1173000,209117,193859,193859226,1035,1606,1026075,0,100.00,83.76
28439177809842,1190000,152298,193106,193106411,1035,1606,1026075,0,100.00,84.93
28439270300439,1196000,57904,190871,190870577,1035,1606,1026075,0,100.00,85.13
28439373128548,1219000,230000,191485,191485233,1035,1606,1026075,0,100.00,85.41
28439465797168,1234000,147376,190791,190791118,1035,1606,1026075,0,100.00,85.81
28439571541311,1251000,165042,190387,190387475,1035,1606,1026075,0,100.00,85.95
28439680275755,1271000,191119,190399,190398945,1035,1606,1026075,0,100.00,86.23
28439789509925,1301000,278469,191798,191797690,1035,1606,1026075,0,100.00,86.58
28439880777278,1321000,197028,191875,191874807,1035,1606,1026075,0,100.00,86.64
28439987727634,1345000,237897,192539,192539446,1035,1606,1026075,0,100.00,86.60
28440086717262,1367000,211610,192819,192819105,1035,1606,1026075,0,98.81,86.49
28440195263622,1388000,197709,192891,192891286,1035,1606,1026075,0,100.00,86.78
28440298973527,1413000,232927,193480,193479675,1035,1606,1026075,0,100.00,86.69
28440421955328,1442000,277635,194666,194666344,1035,1606,1026075,0,100.00,86.12
28440539840365,1453000,92986,193068,193068036,1035,1606,1026075,0,100.00,86.38
28440631524000,1465000,116770,192040,192040224,1035,1606,1026075,0,100.00,86.65
28440736792649,1484000,172989,191770,191769830,1035,1606,1026075,0,100.00,86.97
28440852183471,1501000,169249,191481,191481253,1035,1606,1026075,0,100.00,86.76
28440958544741,1509000,78457,190030,190029945,1035,1606,1026075,0,100.00,86.92
28441040808639,1516000,67439,188448,188448209,1035,1606,1026075,0,100.00,87.07
28441152880905,1529000,127381,187683,187683204,1035,1606,1026075,0,100.00,87.12
28441245135415,1550000,205124,187900,187899658,1035,1606,1026075,0,100.00,87.36
28441356696093,1578000,250763,188739,188739208,1035,1606,1026075,0,100.00,87.71
28441458545363,1608000,298322,190042,190041600,1035,1606,1026075,0,100.00,87.73
28441568051163,1627000,182000,189944,189943587,1035,1606,1026075,0,100.00,87.78
28441669392807,1645000,174990,189766,189766148,1035,1606,1026075,0,100.00,88.01
28441772764631,1662000,157263,189366,189365824,1035,1606,1026075,0,100.00,88.11
28441875953977,1679000,164470,189076,189076035,1035,1606,1026075,0,100.00,87.76
28441986481684,1711000,317523,190517,190517428,1035,1606,1026075,0,100.00,87.80
28442079127862,1730000,186308,190470,190470161,1035,1606,1026075,0,100.00,87.92
28442183785161,1746000,152343,190034,190034330,1035,1606,1026075,0,100.00,87.74
28442284425127,1764000,179247,189918,189917705,1035,1606,1026075,0,100.00,87.77
28442385751090,1824000,598522,194281,194280639,1035,1606,1026075,0,100.00,87.93
28442494527117,1871000,427486,196980,196980010,1035,1606,1026075,0,100.00,88.06
28442600317438,1892000,206220,197078,197078022,1035,1606,1026075,0,100.00,85.60
28442701973728,1916000,238103,197504,197504280,1035,1606,1026075,0,100.00,85.49
28442804423845,1944000,266428,198243,198242944,1035,1606,1026075,0,100.00,85.51
28442902918319,1967000,229138,198556,198555983,1035,1606,1026075,0,100.00,85.65
28443010359930,1990000,226305,198838,198837771,1035,1606,1026075,0,100.00,85.55
28443107443862,2015000,248385,199331,199331095,1035,1606,1026075,0,98.77,85.98
28443206985962,2054000,384203,201169,201169054,1035,1606,1026075,0,100.00,85.85
28443310649205,2080000,249785,201660,201659671,1035,1606,1026075,0,100.00,85.98
28443414300883,2106000,249941,202142,202141741,1035,1606,1026075,0,100.00,85.75
28443521190543,2132000,251836,202629,202629360,1035,1606,1026075,0,100.00,85.24
28443622597617,2159000,265275,203230,203229552,1035,1606,1026075,0,100.00,85.30
28443729634046,2181000,211684,203311,203311460,1035,1606,1026075,0,100.00,85.57
28443824644868,2199000,177669,203072,203071551,1035,1606,1026075,0,100.00,86.10
28443931735078,2227000,267620,203689,203689242,1035,1606,1026075,0,100.00,85.67
28444036666347,2253000,259406,204195,204195374,1035,1606,1026075,0,100.00,85.54
28444133124149,2295000,413070,206103,206102646,1035,1606,1026075,0,100.00,85.77
28444239732855,2328000,313496,207108,207108360,1035,1606,1026075,0,100.00,85.42
28444339863580,2383000,544122,210112,210111948,1035,1606,1026075,0,100.00,85.40
28444445474700,2444000,591311,213548,213548002,1035,1606,1026075,0,100.00,85.59
28444546397441,2488000,432813,215479,215478526,1035,1606,1026075,0,100.00,85.43
28444654829742,2518000,287156,216121,216121255,1035,1606,1026075,0,100.00,85.43
28444752556555,2533000,144612,215490,215490242,1035,1606,1026075,0,100.00,85.59
28444855752513,2551000,179203,215183,215182789,1035,1606,1026075,0,100.00,85.56
28444960682155,2566000,149334,214630,214629548,1035,1606,1026075,0,100.00,85.27
28445054405599,2584000,174986,214291,214291360,1035,1606,1026075,0,100.00,85.27
28445161870335,2611000,262493,214699,214699052,1035,1606,1026075,0,100.00,85.40
28445265696308,2649000,375076,216024,216024086,1035,1606,1026075,0,100.00,85.41
28445365890003,2698000,484166,218219,218218996,1035,1606,1026075,0,100.00,84.61
28445463793476,2714000,157147,217720,217720178,1035,1606,1026075,0,100.00,84.48
28445567971240,2737000,222884,217763,217762574,1035,1606,1026075,0,98.80,84.91
28445679053124,2758000,204504,217655,217655130,1035,1606,1026075,0,100.00,84.96
28445780752283,2785000,255153,217966,217965682,1035,1606,1026075,0,100.00,84.93
28445877694663,2825000,392030,219345,219344663,1035,1606,1026075,0,100.00,84.54
28445976999683,2851000,256069,219632,219631917,1035,1606,1026075,0,100.00,84.53
28446082643882,2900000,476463,221651,221650681,1035,1606,1026075,0,100.00,84.53
28446180744190,2945000,444483,223362,223361716,1035,1606,1026075,0,100.00,84.42
28446285137465,2991000,442018,225074,225074053,1035,1606,1026075,0,100.00,84.34
28446391753891,3034000,414830,226543,226542736,1035,1606,1026075,0,100.00,84.35
28446490317249,3087000,520485,228761,228760803,1035,1606,1026075,0,100.00,84.74
28446596245970,3119000,310588,229381,229380822,1035,1606,1026075,0,100.00,84.36
28446693811045,3160000,409320,230697,230696657,1035,1606,1026075,0,98.78,84.62
28446794334613,3217000,565059,233141,233141021,1035,1606,1026075,0,100.00,84.75
28446895633724,3274000,563009,235544,235543681,1035,1606,1026075,0,100.00,84.63
28447003378373,3324000,497207,237423,237423161,1035,1606,1026075,0,100.00,84.75
28447096499514,3379000,548376,239635,239634933,1035,1606,1026075,0,98.73,85.21
28447196703957,3443000,637500,242448,242447588,1035,1606,1026075,0,100.00,84.79
28447297888475,3506000,623300,245139,245139128,1035,1606,1026075,0,100.00,85.03
28447401077532,3555000,476674,246791,246791398,1035,1606,1026075,0,100.00,84.91
28447506148510,3576000,203655,246485,246484802,1035,1606,1026075,0,100.00,85.18
28447604937418,3636000,593537,248886,248886263,1035,1606,1026075,0,100.00,85.54
28447705479256,3685000,486918,250515,250514701,1035,1606,1026075,0,98.75,85.46
28447818605345,3722000,346998,251209,251209065,1035,1606,1026075,0,100.00,85.52
28447933367947,3744000,200129,250833,250832874,1035,1606,1026075,0,100.00,85.40
28448026772824,3759000,146589,250123,250123100,1035,1606,1026075,0,100.00,85.70
28448130793598,3775000,151373,249433,249433424,1035,1606,1026075,0,100.00,86.06
28448237256092,3792000,163941,248852,248851645,1035,1606,1026075,0,100.00,86.07
28448351453142,3808000,153447,248203,248203250,1035,1606,1026075,0,100.00,85.44
28448441621257,3840000,310556,248619,248619225,1035,1606,1026075,0,100.00,85.62
28448546915590,3858000,175786,248140,248139543,1035,1606,1026075,0,100.00,84.39
28448646554014,3896000,374608,248959,248959326,1035,1606,1026075,0,100.00,84.32
28448753489834,3935000,374918,249791,249791066,1035,1606,1026075,0,100.00,84.52
28448856931409,3974000,373049,250604,250603660,1035,1606,1026075,0,98.81,84.60
28448957756960,3997000,228635,250465,250465174,1035,1606,1026075,0,100.00,84.31
28449059998845,4024000,255785,250500,250500131,1035,1606,1026075,0,100.00,84.19
28449160971149,4060000,356788,251164,251163580,1035,1606,1026075,0,100.00,84.25
28449261751750,4103000,425754,252248,252247647,1035,1606,1026075,0,100.00,84.32
28449362400582,4135000,318872,252656,252656174,1035,1606,1026075,0,98.77,84.54
28449470238775,4171000,351212,253270,253269595,1035,1606,1026075,0,98.77,84.29
28449568595615,4195000,232511,253140,253140296,1035,1606,1026075,0,100.00,84.36
28449673460787,4219000,236902,253042,253041629,1035,1606,1026075,0,100.00,84.26
28449769966796,4244000,248551,253015,253014699,1035,1606,1026075,0,100.00,84.50
28449879407971,4279000,342212,253555,253555271,1035,1606,1026075,0,100.00,84.51
28449977652746,4298000,183754,253130,253130201,1035,1606,1026075,0,100.00,84.25
28450088186363,4322000,227971,252975,252975171,1035,1606,1026075,0,100.00,84.35
28450186253915,4342000,191193,252599,252599196,1035,1606,1026075,0,100.00,84.33
28450286158150,4391000,485976,253960,253960144,1035,1606,1026075,0,98.75,84.08
28450386663045,4442000,508478,255428,255428077,1035,1606,1026075,0,100.00,84.26
28450487625260,4467000,247485,255382,255382204,1035,1606,1026075,0,100.00,84.27
28450595264284,4504000,355491,255974,255974369,1035,1606,1026075,0,100.00,84.04
28450699266642,4532000,271913,256067,256067106,1035,1606,1026075,0,100.00,84.01
28450796197561,4561000,286764,256242,256241511,1035,1606,1026075,0,98.77,83.92
28450897225392,4606000,444073,257305,257304797,1035,1606,1026075,0,100.00,83.80
28450997418242,4652000,458666,258427,258426646,1035,1606,1026075,0,100.00,84.13
28451098021117,4679000,268792,258484,258484164,1035,1606,1026075,0,100.00,84.28
28451210306168,4708000,284141,258628,258628013,1035,1606,1026075,0,98.80,84.25
28451303892806,4737000,285115,258775,258775187,1035,1606,1026075,0,100.00,84.12
28451406116949,4779000,403022,259592,259591734,1035,1606,1026075,0,100.00,84.23
28451508798929,4822000,417403,260470,260469911,1035,1606,1026075,0,100.00,84.11
28451610362506,4873000,502428,261789,261789359,1035,1606,1026075,0,100.00,84.12
28451716687208,4902000,272841,261852,261852108,1035,1606,1026075,0,100.00,84.11
28451821892811,4932000,287884,261996,261996212,1035,1606,1026075,0,98.82,84.16
28451926898953,4961000,287611,262133,262132679,1035,1606,1026075,0,100.00,83.79
28452023438393,5009000,470697,263250,263250462,1035,1606,1026075,0,100.00,83.99
28452129862009,5043000,322297,263576,263576026,1035,1606,1026075,0,100.00,83.71
28452228998828,5085000,419271,264387,264386945,1035,1606,1026075,0,100.00,83.94
28452334366083,5116000,307217,264610,264610478,1035,1606,1026075,0,100.00,84.05
28452432595404,5148000,314584,264872,264872026,1035,1606,1026075,0,100.00,83.81
28452534254986,5178000,297900,265042,265042277,1035,1606,1026075,0,98.77,83.70
28452640446404,5204000,248644,264955,264954974,1035,1606,1026075,0,100.00,84.10
28452737560912,5236000,319574,265232,265232020,1035,1606,1026075,0,100.00,83.71
28452850417019,5263000,246526,265129,265128814,1035,1606,1026075,0,100.00,83.69
28452948323456,5280000,168093,264637,264636944,1035,1606,1026075,0,100.00,83.43
28453048765204,5321000,407243,265353,265352920,1035,1606,1026075,0,98.77,83.63
28453148997451,5352000,309731,265573,265573323,1035,1606,1026075,0,100.00,83.69
28453252769064,5379000,263194,265561,265561270,1035,1606,1026075,0,100.00,83.87
28453359215683,5413000,331343,265893,265892839,1035,1606,1026075,0,100.00,83.74
28453462452089,5449000,352132,266324,266323757,1035,1606,1026075,0,98.80,83.91
28453571270174,5472000,217472,266073,266072538,1035,1606,1026075,0,100.00,84.23
28453682355161,5495000,217223,265822,265822328,1035,1606,1026075,0,100.00,84.51
28453768143666,5533000,378569,266367,266367160,1035,1606,1026075,0,100.00,84.58
28453871361969,5564000,300735,266537,266536867,1035,1606,1026075,0,100.00,84.39
28453972772242,5591000,265630,266532,266532474,1035,1606,1026075,0,100.00,84.85
28454093273553,5610000,172713,266043,266043022,1035,1606,1026075,0,100.00,85.15
28454187226192,5626000,158702,265532,265532261,1035,1606,1026075,0,100.00,84.80
28454293529718,5652000,237389,265388,265387531,1035,1606,1026075,0,100.00,84.72
28454397714322,5673000,207976,265117,265116616,1035,1606,1026075,0,100.00,84.91
28454496685971,5688000,146604,264553,264552640,1035,1606,1026075,0,100.00,85.42
28454604406210,5722000,337327,264892,264892210,1035,1606,1026075,0,100.00,85.40
28454697389531,5756000,339860,265238,265237807,1035,1606,1026075,0,100.00,85.61
28454803282168,5796000,395334,265842,265841554,1035,1606,1026075,0,100.00,85.35
28454899480206,5839000,425854,266579,266579202,1035,1606,1026075,0,98.75,85.60
28455000930625,5892000,524329,267763,267763221,1035,1606,1026075,0,100.00,85.88
28455101495126,5936000,436802,268534,268533519,1035,1606,1026075,0,100.00,86.11
28455203053062,5972000,353569,268923,268923405,1035,1606,1026075,0,100.00,86.12
28455304473185,6011000,384198,269448,269447935,1035,1606,1026075,0,100.00,86.01
28455405976471,6052000,404403,270058,270058481,1035,1606,1026075,0,100.00,86.05
28455515689307,6081000,266820,270043,270042850,1035,1606,1026075,0,100.00,86.06
28455619083371,6104000,221560,269820,269820373,1035,1606,1026075,0,100.00,86.04
28455725371216,6132000,268622,269815,269814875,1035,1606,1026075,0,100.00,86.31
28455830656059,6161000,276500,269846,269845587,1035,1606,1026075,0,100.00,86.61
28455927717768,6201000,399531,270412,270411781,1035,1606,1026075,0,100.00,86.48
28456031629355,6249000,462093,271276,271276137,1035,1606,1026075,0,98.81,86.36
28456132551277,6302000,525327,272384,272383959,1035,1606,1026075,0,100.00,86.61
28456233764445,6343000,405793,272964,272964022,1035,1606,1026075,0,100.00,86.32
28456339645102,6371000,276837,272981,272980808,1035,1606,1026075,0,100.00,86.33
28456436765110,6405000,336721,273255,273255391,1035,1606,1026075,0,100.00,86.38
28456540606755,6451000,451959,274028,274027999,1035,1606,1026075,0,98.78,86.53
28456644173111,6480000,289825,274095,274094860,1035,1606,1026075,0,100.00,86.57
28456741480613,6504000,231256,273908,273907629,1035,1606,1026075,0,100.00,86.36
28456844801819,6530000,256174,273832,273832153,1035,1606,1026075,0,100.00,86.58
28456944171873,6556000,257301,273762,273762397,1035,1606,1026075,0,100.00,86.68
28457050830500,6584000,269174,273743,273742554,1035,1606,1026075,0,100.00,86.48
28457156987912,6598000,136218,273157,273157391,1035,1606,1026075,0,100.00,86.34
28457265181439,6606000,78300,272337,272336635,1035,1606,1026075,0,100.00,86.40
28457365948098,6613000,69333,271495,271495190,1035,1606,1026075,0,100.00,86.04
28457467711138,6621000,76994,270669,270669015,1035,1606,1026075,0,100.00,86.03
28457562937510,6639000,174355,270264,270264240,1035,1606,1026075,0,100.00,86.07
28457661800100,6652000,129018,269687,269687241,1035,1606,1026075,0,100.00,86.26
28457763725507,6682000,299691,269809,269808517,1035,1606,1026075,0,100.00,86.18
28457863355131,6714000,315582,269995,269995166,1035,1606,1026075,0,100.00,85.80
28457971298414,6752000,368636,270402,270402379,1035,1606,1026075,0,100.00,85.64
28458067665436,6775000,226912,270227,270226555,1035,1606,1026075,0,100.00,85.79
28458171232323,6795000,195434,269923,269922511,1035,1606,1026075,0,100.00,85.33
28458277527191,6836000,407450,270470,270470051,1035,1606,1026075,0,100.00,85.54
28458374922491,6867000,297853,270582,270582351,1035,1606,1026075,0,98.81,85.45
28458475979679,6887000,199639,270303,270303407,1035,1606,1026075,0,100.00,85.59
28458578662844,6910000,226126,270128,270127750,1035,1606,1026075,0,100.00,85.51
28458677542838,6932000,218851,269927,269927033,1035,1606,1026075,0,100.00,85.55
28458793052443,6955000,226357,269755,269755321,1035,1606,1026075,0,100.00,85.67
28458882092513,6981000,256956,269705,269705286,1035,1606,1026075,0,100.00,85.27
28458982873498,7025000,426419,270328,270327538,1035,1606,1026075,0,100.00,85.54
28459091718447,7045000,195449,270034,270033848,1035,1606,1026075,0,100.00,85.29
28459188910545,7067000,219202,269839,269839051,1035,1606,1026075,0,100.00,85.26
28459288960435,7108000,397713,270340,270340421,1035,1606,1026075,0,100.00,85.46
28459400179514,7127000,175886,269954,269953943,1035,1606,1026075,0,100.00,85.53
28459499717518,7163000,353198,270274,270274088,1035,1606,1026075,0,100.00,85.30
28459608711602,7182000,182821,269932,269932490,1035,1606,1026075,0,100.00,85.33
28459709078051,7211000,284350,269988,269987544,1035,1606,1026075,0,100.00,85.47
28459809996998,7250000,380044,270409,270408783,1035,1606,1026075,0,100.00,85.34
28459908303092,7274000,238034,270287,270287491,1035,1606,1026075,0,100.00,85.54
28460013125108,7297000,225925,270120,270120306,1035,1606,1026075,0,100.00,85.81
28460111103152,7318000,208055,269889,269889270,1035,1606,1026075,0,100.00,85.72
28460219865194,7347000,288076,269957,269956542,1035,1606,1026075,0,100.00,85.58
28460312211953,7383000,356328,270276,270275988,1035,1606,1026075,0,98.78,85.53
28460413669062,7438000,543740,271285,271284872,1035,1606,1026075,0,100.00,85.59
28460515290140,7483000,444885,271923,271922967,1035,1606,1026075,0,100.00,85.79
28460621200493,7521000,357122,272251,272251133,1035,1606,1026075,0,98.85,85.80
28460727974218,7555000,325461,272452,272451594,1035,1606,1026075,0,100.00,85.73
28460830501387,7580000,249375,272368,272368468,1035,1606,1026075,0,100.00,85.78
28460927119140,7603000,228745,272211,272211427,1035,1606,1026075,0,100.00,85.78
28461039534928,7634000,294517,272295,272295170,1035,1606,1026075,0,100.00,85.27
28461137037625,7658000,236618,272167,272166561,1035,1606,1026075,0,100.00,85.48
28461241574912,7686000,258768,272115,272115232,1035,1606,1026075,0,100.00,85.30
28461344991313,7707000,206962,271882,271882015,1035,1606,1026075,0,100.00,85.55
28461451891384,7735000,257341,271826,271826415,1035,1606,1026075,0,100.00,85.39
28461552305639,7762000,268474,271815,271814608,1035,1606,1026075,0,100.00,85.42
28461653815333,7804000,415005,272320,272320285,1035,1606,1026075,0,100.00,85.32
28461754954334,7839000,346191,272580,272579975,1035,1606,1026075,0,100.00,85.35
28461859921929,7876000,359008,272889,272888600,1035,1606,1026075,0,100.00,85.60
28461961519230,7916000,385094,273291,273290971,1035,1606,1026075,0,100.00,85.14
28462064218163,7951000,345691,273543,273543159,1035,1606,1026075,0,100.00,84.95
28462167263246,7979000,271196,273535,273534852,1035,1606,1026075,0,100.00,85.18
28462267306376,8002000,228501,273380,273379989,1035,1606,1026075,0,100.00,85.18
28462367785872,8038000,356019,273664,273664492,1035,1606,1026075,0,100.00,85.22
28462476803284,8079000,402713,274110,274110259,1035,1606,1026075,0,100.00,85.00
28462571295670,8118000,385879,274492,274492216,1035,1606,1026075,0,100.00,85.09
28462675478537,8157000,382072,274862,274862245,1035,1606,1026075,0,100.00,85.03
28462777613298,8179000,219739,274677,274676903,1035,1606,1026075,0,100.00,84.95
28462876918586,8210000,304323,274778,274777976,1035,1606,1026075,0,98.80,85.03
28462977714637,8235000,242933,274669,274668670,1035,1606,1026075,0,100.00,85.03
28463079280599,8254000,187598,274376,274375527,1035,1606,1026075,0,100.00,84.92
28463179134888,8294000,399317,274790,274790181,1035,1606,1026075,0,100.00,85.18
28463280624775,8341000,465511,275426,275426028,1035,1606,1026075,0,100.00,85.22
28463388666328,8370000,278491,275437,275436531,1035,1606,1026075,0,100.00,84.92
28463486153321,8394000,235716,275304,275303890,1035,1606,1026075,0,100.00,84.95
28463588506026,8442000,471643,275957,275957066,1035,1606,1026075,0,100.00,85.15
28463688947654,8489000,465560,276581,276580705,1035,1606,1026075,0,100.00,85.19
28463789398506,8529000,398933,276979,276979108,1035,1606,1026075,0,100.00,84.96
28463919182010,8555000,216792,276746,276745602,1035,1606,1026075,0,100.00,84.96
28464008866088,8571000,159975,276369,276369019,1035,1606,1026075,0,100.00,84.95
28464113714756,8600000,277726,276374,276373575,1035,1606,1026075,0,100.00,84.91
28464214825689,8639000,384594,276725,276725100,1035,1606,1026075,0,100.00,85.15
28464315774626,8678000,386429,277079,277078608,1035,1606,1026075,0,100.00,85.27
28464427247078,8710000,315256,277202,277201939,1035,1606,1026075,0,98.80,85.03
28464517581313,8736000,259960,277147,277147231,1035,1606,1026075,0,100.00,85.38
28464619415486,8762000,255229,277077,277076625,1035,1606,1026075,0,100.00,85.67
28464722529815,8791000,285489,277104,277103560,1035,1606,1026075,0,100.00,86.06
28464823949465,8813000,219261,276921,276921194,1035,1606,1026075,0,100.00,86.22
28464932849469,8845000,304088,277011,277010726,1035,1606,1026075,0,100.00,86.39
28465030845226,8877000,317821,277139,277139008,1035,1606,1026075,0,100.00,86.51
28465130963032,8904000,260090,277084,277083933,1035,1606,1026075,0,100.00,86.85
28465236158879,8919000,148768,276683,276682577,1035,1606,1026075,0,100.00,86.84
28465336954147,8942000,226568,276525,276525254,1035,1606,1026075,0,100.00,86.98
28465434734710,8981000,384409,276863,276862671,1035,1606,1026075,0,98.77,86.99
28465534667910,9032000,508855,277577,277577250,1035,1606,1026075,0,100.00,86.99
28465647496450,9065000,292569,277629,277629039,1035,1606,1026075,0,100.00,86.89
28465753167890,9106000,404609,278022,278021896,1035,1606,1026075,0,100.00,86.70
28465849980864,9133000,268257,277992,277991980,1035,1606,1026075,0,100.00,86.70
28465960388699,9171000,376650,278294,278294021,1035,1606,1026075,0,100.00,86.58
28466057402435,9192000,205144,278067,278067498,1035,1606,1026075,0,100.00,86.51
28466164528683,9222000,281170,278077,278077480,1035,1606,1026075,0,100.00,86.47
28466261183599,9268000,453391,278612,278612186,1035,1606,1026075,0,100.00,86.61
28466361990025,9311000,426217,279058,279058496,1035,1606,1026075,0,100.00,86.61
28466462918091,9349000,377729,279355,279355104,1035,1606,1026075,0,100.00,86.65
28466565732124,9384000,344159,279551,279551432,1035,1606,1026075,0,100.00,86.68
28466670424727,9415000,309695,279641,279641053,1035,1606,1026075,0,98.77,86.66
28466771695530,9449000,329632,279794,279793737,1035,1606,1026075,0,100.00,86.78
28466872102017,9470000,203359,279561,279560729,1035,1606,1026075,0,100.00,86.77
28466986691238,9491000,196295,279299,279298589,1035,1606,1026075,0,100.00,86.81
28467083301680,9507000,156341,278929,278929399,1035,1606,1026075,0,100.00,87.01
28467190137067,9527000,187414,278644,278643762,1035,1606,1026075,0,100.00,87.08
28467297742590,9558000,300626,278710,278709862,1035,1606,1026075,0,100.00,87.05
28467399862192,9576000,170688,278379,278378708,1035,1606,1026075,0,100.00,87.29
28467496180945,9614000,377097,278667,278667051,1035,1606,1026075,0,100.00,87.15
28467602339147,9632000,174974,278359,278358775,1035,1606,1026075,0,100.00,87.18
28467703096908,9653000,208195,278155,278154845,1035,1606,1026075,0,100.00,87.04
28467810093137,9672000,181553,277864,277864408,1035,1606,1026075,0,98.82,86.96
28467911577050,9716000,425447,278302,278301598,1035,1606,1026075,0,100.00,86.88
28468013972644,9741000,236089,278174,278173947,1035,1606,1026075,0,100.00,87.00
28468116538203,9764000,229744,278036,278035887,1035,1606,1026075,0,100.00,87.11
28468219511738,9787000,222694,277874,277873605,1035,1606,1026075,0,100.00,86.82
28468318688065,9827000,394310,278208,278207999,1035,1606,1026075,0,100.00,86.60
28468420501611,9875000,472341,278765,278764910,1035,1606,1026075,0,100.00,86.77
28468524383927,9905000,295578,278813,278812945,1035,1606,1026075,0,100.00,86.92
28468622038251,9951000,459397,279321,279320501,1035,1606,1026075,0,100.00,87.11
28468727897326,9988000,366772,279567,279567435,1035,1606,1026075,0,100.00,87.11
28468828166971,10012000,238644,279453,279452562,1035,1606,1026075,0,98.77,87.11
28468934409826,10033000,196149,279204,279204369,1035,1606,1026075,0,100.00,87.02
28469034188829,10058000,241726,279097,279096812,1035,1606,1026075,0,100.00,86.63
28469146458652,10072000,137240,278696,278696392,1035,1606,1026075,0,100.00,86.70
28469243557832,10083000,106695,278207,278207112,1035,1606,1026075,0,100.00,86.60
28469351683893,10115000,304772,278284,278283848,1035,1606,1026075,0,100.00,86.81
28469458947781,10133000,179273,278011,278011096,1035,1606,1026075,0,100.00,86.89
28469547332131,10173000,390203,278326,278325752,1035,1606,1026075,0,100.00,86.94
28469649457408,10216000,419850,278721,278721205,1035,1606,1026075,0,98.81,87.01
28469751133597,10258000,412749,279092,279092265,1035,1606,1026075,0,100.00,86.68
28469856131095,10305000,448442,279574,279573797,1035,1606,1026075,0,100.00,86.92
28469960935813,10331000,254688,279505,279505064,1035,1606,1026075,0,100.00,86.91
28470064971575,10367000,338731,279675,279674872,1035,1606,1026075,0,100.00,86.73
28470171398545,10413000,443951,280133,280132787,1035,1606,1026075,0,98.80,86.61
28470270388856,10455000,411667,280493,280492817,1035,1606,1026075,0,100.00,86.84
28470372492246,10484000,282788,280499,280499114,1035,1606,1026075,0,100.00,87.05
28470477976647,10509000,249211,280415,280415362,1035,1606,1026075,0,100.00,87.31
28470576162533,10542000,323817,280533,280533064,1035,1606,1026075,0,100.00,87.46
28470676328085,10571000,286178,280548,280548244,1035,1606,1026075,0,100.00,87.58
28470781662575,10597000,254048,280476,280476461,1035,1606,1026075,0,100.00,87.66
28470883940365,10616000,187261,280227,280226802,1035,1606,1026075,0,100.00,87.69
28470981292429,10645000,285400,280241,280240640,1035,1606,1026075,0,100.00,87.28
28471091154865,10677000,291796,280274,280273905,1035,1606,1026075,0,100.00,87.24
28471196375671,10703000,259974,280221,280220752,1035,1606,1026075,0,100.00,87.41
28471297869163,10725000,218746,280059,280059305,1035,1606,1026075,0,100.00,87.55
28471400207975,10748000,220280,279897,279896760,1035,1606,1026075,0,100.00,87.27
28471504553629,10766000,178555,279631,279631411,1035,1606,1026075,0,100.00,87.15
28471601280856,10789000,220518,279472,279471704,1035,1606,1026075,0,98.82,86.96
28471704208722,10822000,321890,279584,279584053,1035,1606,1026075,0,100.00,87.06
28471804482693,10855000,327343,279708,279708116,1035,1606,1026075,0,100.00,87.16
28471906497883,10899000,432426,280107,280107480,1035,1606,1026075,0,100.00,86.93
28472012424548,10924000,242826,280009,280009095,1035,1606,1026075,0,100.00,86.95
28472109605962,10947000,229463,279880,279879563,1035,1606,1026075,0,100.00,86.82
28472214181898,10969000,219009,279724,279723633,1035,1606,1026075,0,100.00,86.98
28472319552411,11012000,397401,280047,280047449,1035,1606,1026075,0,100.00,87.09
28472423460264,11033000,209494,279868,279868047,1035,1606,1026075,0,100.00,87.27
28472519492016,11070000,365462,280087,280087302,1035,1606,1026075,0,98.78,87.23
28472623073853,11097000,266404,280052,280052305,1035,1606,1026075,0,100.00,87.40
28472722777327,11128000,305725,280118,280117833,1035,1606,1026075,0,100.00,87.34
28472822731734,11157000,288893,280140,280139950,1035,1606,1026075,0,98.77,87.66
28472927378094,11192000,348800,280313,280312507,1035,1606,1026075,0,100.00,87.19
28473029735669,11216000,237928,280206,280205698,1035,1606,1026075,0,100.00,87.39
28473129540939,11241000,249660,280129,280129473,1035,1606,1026075,0,100.00,87.38
28473228971871,11265000,234142,280012,280012303,1035,1606,1026075,0,100.00,87.34
28473333899785,11289000,227670,279876,279875510,1035,1606,1026075,0,100.00,87.37
28473439302142,11313000,228172,279741,279741032,1035,1606,1026075,0,100.00,87.37
28473539684491,11337000,235667,279630,279630324,1035,1606,1026075,0,98.77,87.38
28473639058621,11376000,389664,279901,279901290,1035,1606,1026075,0,100.00,87.47
28473739576334,11423000,468446,280366,280365588,1035,1606,1026075,0,100.00,87.47
28473840407415,11466000,427941,280729,280728643,1035,1606,1026075,0,100.00,87.37
28473940540998,11509000,427503,281089,281089211,1035,1606,1026075,0,100.00,87.42
28474042678967,11555000,453830,281516,281515783,1035,1606,1026075,0,100.00,87.42
28474144265435,11599000,430594,281886,281885996,1035,1606,1026075,0,98.78,87.40
28474244927892,11636000,367864,282096,282095646,1035,1606,1026075,0,100.00,87.65
28474344617731,11669000,329683,282211,282210846,1035,1606,1026075,0,100.00,87.82
28474448603675,11711000,413515,282533,282532591,1035,1606,1026075,0,100.00,87.86
28474549515845,11732000,209645,282357,282356874,1035,1606,1026075,0,100.00,87.99
28474649619294,11755000,222732,282209,282209058,1035,1606,1026075,0,98.80,87.99
28474750725774,11777000,218181,282054,282054433,1035,1606,1026075,0,100.00,88.25
28474857161603,11819000,413549,282373,282373494,1035,1606,1026075,0,100.00,88.05
28474952235041,11854000,349106,282533,282532954,1035,1606,1026075,0,98.72,87.82
28475058422828,11892000,372055,282750,282750352,1035,1606,1026075,0,100.00,87.97
28475159665626,11934000,408690,283057,283057329,1035,1606,1026075,0,100.00,87.87
28475262150149,11974000,389949,283317,283316765,1035,1606,1026075,0,100.00,88.02
28475370696173,12003000,277450,283302,283302291,1035,1606,1026075,0,100.00,87.71
28475466337469,12046000,429614,283647,283647121,1035,1606,1026075,0,100.00,87.66
28475577432736,12068000,211457,283471,283470699,1035,1606,1026075,0,100.00,87.74
28475672937387,12090000,212237,283298,283297675,1035,1606,1026075,0,100.00,87.69
28475778595063,12116000,243549,283198,283198492,1035,1606,1026075,0,100.00,87.74
28475886938382,12132000,159828,282910,282910490,1035,1606,1026075,0,98.78,87.69
28475986359300,12155000,222757,282766,282766003,1035,1606,1026075,0,100.00,87.73
28476084390261,12178000,226349,282633,282632957,1035,1606,1026075,0,100.00,87.70
28476188778720,12201000,225990,282499,282499481,1035,1606,1026075,0,100.00,87.66
28476295397442,12225000,238337,282397,282396754,1035,1606,1026075,0,100.00,87.21
28476391781565,12238000,126292,282026,282026447,1035,1606,1026075,0,100.00,87.16
28476490566037,12263000,246419,281943,281943389,1035,1606,1026075,0,100.00,87.34
28476595992572,12291000,279613,281938,281938037,1035,1606,1026075,0,100.00,87.50
28476693963359,12302000,106613,281524,281524067,1035,1606,1026075,0,100.00,87.60
28476804351047,12330000,265013,281484,281484243,1035,1606,1026075,0,100.00,86.31
28476901123560,12366000,357907,281659,281659329,1035,1606,1026075,0,100.00,85.99
28477002290964,12413000,460582,282074,282074228,1035,1606,1026075,0,100.00,86.01
28477103680713,12456000,424696,282402,282401618,1035,1606,1026075,0,100.00,85.88
28477209031752,12484000,271217,282376,282375501,1035,1606,1026075,0,98.81,86.07
28477308210543,12522000,374076,282586,282585719,1035,1606,1026075,0,100.00,85.96
28477413368093,12551000,276632,282572,282571667,1035,1606,1026075,0,100.00,86.15
28477517785322,12572000,208957,282405,282405481,1035,1606,1026075,0,100.00,85.83
28477617933730,12610000,371448,282610,282609633,1035,1606,1026075,0,100.00,86.08
28477718935384,12637000,262220,282563,282562690,1035,1606,1026075,0,100.00,86.08
28477832648543,12669000,301291,282607,282607062,1035,1606,1026075,0,100.00,86.09
28477930680112,12686000,167036,282345,282345278,1035,1606,1026075,0,100.00,85.77
28478027206559,12703000,169565,282094,282094186,1035,1606,1026075,0,98.75,85.81
28478140473358,12718000,148486,281795,281795131,1035,1606,1026075,0,100.00,85.77
28478230625874,12736000,175884,281556,281555512,1035,1606,1026075,0,100.00,85.67
28478343570161,12753000,164971,281291,281290523,1035,1606,1026075,0,100.00,85.78
28478439974405,12769000,150425,280984,280984221,1035,1606,1026075,0,100.00,85.90
28478543548077,12817000,464221,281400,281400196,1035,1606,1026075,0,100.00,85.84
28478643914468,12849000,317927,281481,281480737,1035,1606,1026075,0,100.00,85.89
28478751322514,12885000,345798,281627,281627088,1035,1606,1026075,0,100.00,85.80
28478861861009,12903000,168711,281364,281364385,1035,1606,1026075,0,100.00,85.47
28478959059893,12923000,194309,281169,281169430,1035,1606,1026075,0,98.80,85.29
28479060562509,12956000,326707,281269,281269286,1035,1606,1026075,0,100.00,85.59
28479160976041,12978000,219404,281135,281134907,1035,1606,1026075,0,100.00,85.78
28479260888638,13006000,274820,281121,281120999,1035,1606,1026075,0,100.00,85.38
28479362500752,13044000,373698,281324,281324029,1035,1606,1026075,0,100.00,85.64
28479464025453,13099000,541340,281893,281892539,1035,1606,1026075,0,100.00,85.55
28479565890278,13134000,344464,282029,282029059,1035,1606,1026075,0,100.00,85.55
28479670730658,13182000,465452,282434,282434340,1035,1606,1026075,0,100.00,85.66
28479772031354,13227000,440776,282780,282779943,1035,1606,1026075,0,100.00,85.59
28479871950403,13264000,365722,282959,282958951,1035,1606,1026075,0,100.00,85.50
28479974229727,13294000,295375,282986,282985795,1035,1606,1026075,0,98.80,85.33
28480077759259,13318000,235730,282884,282883601,1035,1606,1026075,0,100.00,85.35
28480178784072,13344000,257168,282828,282828495,1035,1606,1026075,0,100.00,85.14
28480280589386,13386000,404451,283096,283095599,1035,1606,1026075,0,100.00,85.37
28480381447008,13422000,359005,283256,283256242,1035,1606,1026075,0,100.00,85.14
28480487485091,13448000,251896,283188,283188080,1035,1606,1026075,0,100.00,85.34
28480590627154,13475000,257514,283132,283131518,1035,1606,1026075,0,100.00,85.26
28480692335082,13501000,253068,283067,283066760,1035,1606,1026075,0,100.00,85.16
28480791675785,13524000,229850,282955,282955346,1035,1606,1026075,0,100.00,85.16
28480892836770,13564000,396193,283194,283194039,1035,1606,1026075,0,98.75,84.99
28480994252729,13587000,226566,283074,283074270,1035,1606,1026075,0,100.00,84.99
28481099053414,13640000,522717,283579,283579436,1035,1606,1026075,0,100.00,84.81
28481204474745,13664000,230886,283466,283465805,1035,1606,1026075,0,100.00,85.12
28481300609646,13684000,197483,283286,283285535,1035,1606,1026075,0,100.00,84.85
28481410778903,13716000,298926,283320,283320120,1035,1606,1026075,0,98.84,85.21
28481514735793,13742000,250145,283249,283249045,1035,1606,1026075,0,100.00,84.82
28481613888585,13775000,322761,283332,283332137,1035,1606,1026075,0,100.00,84.99
28481719053808,13803000,275052,283315,283314836,1035,1606,1026075,0,100.00,85.01
28481820195778,13832000,279145,283306,283305963,1035,1606,1026075,0,98.81,85.05
28481921393294,13859000,269744,283278,283278217,1035,1606,1026075,0,100.00,84.75
28482025060241,13890000,293374,283300,283299975,1035,1606,1026075,0,100.00,84.83
28482130512592,13913000,220253,283166,283165979,1035,1606,1026075,0,100.00,84.64
28482231731482,13939000,255291,283108,283108321,1035,1606,1026075,0,100.00,84.82
28482337918739,13968000,284152,283110,283110480,1035,1606,1026075,0,100.00,84.87
28482438697912,14000000,311197,283169,283168895,1035,1606,1026075,0,100.00,84.81
28482538904462,14028000,278864,283160,283160170,1035,1606,1026075,0,100.00,84.69
28482647076730,14047000,182834,282950,282950160,1035,1606,1026075,0,100.00,84.94
28482750051704,14064000,163439,282700,282700289,1035,1606,1026075,0,100.00,84.60
28482851401033,14084000,195213,282520,282520489,1035,1606,1026075,0,100.00,84.87
28482947663300,14102000,179119,282312,282312468,1035,1606,1026075,0,100.00,84.57
28483049683693,14127000,245789,282238,282238248,1035,1606,1026075,0,100.00,84.78
28483149785920,14144000,169737,282014,282013586,1035,1606,1026075,0,100.00,84.75
28483254217343,14179000,337791,282129,282128581,1035,1606,1026075,0,98.81,84.42
28483371611037,14225000,399614,282397,282397059,1035,1606,1026075,0,98.92,84.56
28483471542363,14261000,350625,282536,282535845,1035,1606,1026075,0,100.00,84.40
28483580784741,14293000,301027,282575,282574707,1035,1606,1026075,0,100.00,84.42
28483680413301,14312000,187927,282386,282385899,1035,1606,1026075,0,98.77,84.43
28483785958071,14335000,224915,282270,282270175,1035,1606,1026075,0,100.00,84.56
28483888797394,14360000,238083,282179,282179000,1035,1606,1026075,0,100.00,84.90
28483990464474,14387000,257601,282128,282128484,1035,1606,1026075,0,100.00,84.64
28484100553567,14421000,318957,282205,282205308,1035,1606,1026075,0,100.00,84.82
28484198929197,14470000,482804,282603,282602921,1035,1606,1026075,0,98.78,84.34
28484307642295,14503000,315911,282671,282670736,1035,1606,1026075,0,100.00,84.42
28484410061568,14528000,248446,282604,282603745,1035,1606,1026075,0,100.00,84.51
28484504930484,14555000,266203,282571,282571451,1035,1606,1026075,0,100.00,84.32
28484613787294,14583000,270491,282547,282547222,1035,1606,1026075,0,100.00,84.51
28484708925539,14609000,259368,282502,282502289,1035,1606,1026075,0,100.00,84.52
28484818226453,14632000,228528,282397,282397448,1035,1606,1026075,0,100.00,84.41
28484913834865,14665000,323607,282478,282478394,1035,1606,1026075,0,100.00,84.38
28485014852313,14696000,302931,282519,282518631,1035,1606,1026075,0,98.80,84.47
28485115360327,14724000,276282,282507,282506504,1035,1606,1026075,0,100.00,84.22
28485223119576,14749000,243594,282430,282430032,1035,1606,1026075,0,100.00,84.38
28485325257900,14769000,198128,282267,282267390,1035,1606,1026075,0,100.00,84.43
28485432208546,14812000,425549,282544,282543563,1035,1606,1026075,0,100.00,84.48
28485539253954,14834000,215557,282413,282413404,1035,1606,1026075,0,100.00,84.22
28485626539872,14855000,207411,282269,282269109,1035,1606,1026075,0,98.78,84.14
28485724181951,14885000,297458,282298,282298161,1035,1606,1026075,0,100.00,84.30
28485831918472,14908000,219613,282174,282173899,1035,1606,1026075,0,100.00,84.16
28485932800795,14939000,298377,282206,282205701,1035,1606,1026075,0,100.00,84.23
28486034635488,14970000,309500,282257,282257246,1035,1606,1026075,0,100.00,84.01
28486136595023,15012000,408230,282501,282501141,1035,1606,1026075,0,100.00,84.32
28486236209848,15046000,337701,282606,282605528,1035,1606,1026075,0,98.75,84.05
28486340103483,15085000,384579,282799,282799393,1035,1606,1026075,0,100.00,84.32
28486444623322,15108000,219329,282675,282674860,1035,1606,1026075,0,100.00,84.33
28486547897048,15137000,281438,282672,282672480,1035,1606,1026075,0,100.00,84.32
28486646297037,15182000,447184,282981,282981048,1035,1606,1026075,0,100.00,84.27
28486753733388,15235000,507873,283418,283417644,1035,1606,1026075,0,98.78,84.19
28486853555557,15260000,246802,283349,283348775,1035,1606,1026075,0,100.00,84.09
28486954728663,15293000,328724,283433,283433198,1035,1606,1026075,0,98.75,84.24
28487063172388,15318000,230327,283327,283326581,1035,1606,1026075,0,100.00,84.41
28487163392071,15346000,273410,283308,283307832,1035,1606,1026075,0,98.78,84.31
28487266493314,15371000,248001,283242,283242247,1035,1606,1026075,0,100.00,84.13
28487373736612,15411000,372127,283418,283417955,1035,1606,1026075,0,98.85,84.13
28487480148624,15442000,300906,283451,283451027,1035,1606,1026075,0,100.00,84.26
28487577631251,15461000,187612,283273,283273197,1035,1606,1026075,0,100.00,84.21
28487682277239,15493000,311472,283326,283326177,1035,1606,1026075,0,100.00,84.22
28487778868975,15520000,269352,283301,283300608,1035,1606,1026075,0,100.00,84.01
28487886931427,15545000,238184,283214,283214333,1035,1606,1026075,0,100.00,84.18
28487993997133,15563000,172411,283004,283003973,1035,1606,1026075,0,100.00,83.95
28488088037177,15590000,269913,282980,282980204,1035,1606,1026075,0,100.00,84.08
28488188542074,15645000,547574,283462,283461728,1035,1606,1026075,0,100.00,84.15
28488291470747,15685000,391571,283661,283661451,1035,1606,1026075,0,100.00,84.15
28488391696146,15716000,308749,283707,283706923,1035,1606,1026075,0,98.77,84.09
28488492834978,15764000,473839,284054,284053980,1035,1606,1026075,0,100.00,84.07
28488595504048,15796000,316301,284113,284112659,1035,1606,1026075,0,98.78,84.20
28488695685900,15823000,264797,284077,284077300,1035,1606,1026075,0,100.00,84.18
28488801999072,15853000,293690,284095,284094897,1035,1606,1026075,0,100.00,84.01
28488911259776,15884000,301309,284127,284126576,1035,1606,1026075,0,98.78,84.02
28489011225114,15912000,269149,284099,284098756,1035,1606,1026075,0,100.00,84.00
28489105230894,15939000,269167,284072,284072061,1035,1606,1026075,0,100.00,84.12
28489209972559,15968000,279557,284064,284063729,1035,1606,1026075,0,100.00,84.02
28489314395738,16000000,307447,284107,284106944,1035,1606,1026075,0,98.81,84.00
28489417191526,16040000,396379,284308,284307763,1035,1606,1026075,0,100.00,84.00
28489518583894,16069000,281150,284302,284302001,1035,1606,1026075,0,100.00,83.95
28489620411254,16109000,396527,284502,284501938,1035,1606,1026075,0,100.00,83.91
28489720747867,16132000,224566,284394,284393720,1035,1606,1026075,0,100.00,83.92
28489828774066,16159000,256868,284343,284342808,1035,1606,1026075,0,98.82,84.11
28489925647630,16187000,279427,284334,284334156,1035,1606,1026075,0,100.00,83.93
28490029832693,16212000,247289,284268,284268486,1035,1606,1026075,0,100.00,84.13
28490129051807,16237000,244999,284198,284198349,1035,1606,1026075,0,100.00,83.89
28490231132660,16287000,497155,284573,284572564,1035,1606,1026075,0,98.78,83.91
28490329922032,16340000,525376,284996,284996261,1035,1606,1026075,0,100.00,84.07
28490430462365,16387000,468630,285317,285316923,1035,1606,1026075,0,100.00,84.20
28490531729389,16439000,513089,285718,285718135,1035,1606,1026075,0,98.75,84.11
28490635884445,16467000,275090,285699,285699366,1035,1606,1026075,0,100.00,83.85
28490737180658,16498000,308486,285739,285739025,1035,1606,1026075,0,100.00,84.07
28490838598497,16521000,219995,285620,285620196,1035,1606,1026075,0,100.00,84.10
28490952377547,16570000,460157,285941,285940919,1035,1606,1026075,0,98.84,84.02
28491046826402,16620000,493030,286303,286302703,1035,1606,1026075,0,100.00,83.94
28491159577888,16656000,318251,286365,286364836,1035,1606,1026075,0,100.00,84.04
28491263650691,16686000,297750,286385,286384524,1035,1606,1026075,0,100.00,83.91
28491360608405,16722000,358898,286509,286509148,1035,1606,1026075,0,100.00,83.78
28491461931888,16758000,355966,286629,286629294,1035,1606,1026075,0,100.00,83.83
28491562382156,16801000,428084,286872,286871904,1035,1606,1026075,0,100.00,84.06
28491664975323,16834000,329117,286944,286944107,1035,1606,1026075,0,100.00,84.23
28491765590072,16874000,386977,287120,287120047,1035,1606,1026075,0,98.80,84.14
28491867811183,16909000,348913,287225,287225339,1035,1606,1026075,0,100.00,83.85
28491968230596,16939000,294260,287238,287237501,1035,1606,1026075,0,100.00,83.97
